rating, genre, language, country, MLArating, year, month, weekend, runtime
8.6Drama,Film-Noir,English,USA,unrated,1950,08,1,110
9.3Crime,Drama,English,USA,R,1994,10,1,142
8.5Crime,Drama,Film-Noir,Thriller,English,USA,unrated,1944,04,0,107
8.6Action,Adventure,Thriller,English,USA,unrated,1959,09,1,136
8.5Drama,War,English,German,Latin,USA,unrated,1957,10,1,88
8.4Drama,English,French,USA,unrated,1951,01,0,138
8.6Comedy,Drama,Romance,English,USA,G,1931,03,1,87
8.2Crime,Film-Noir,Mystery,Thriller,English,USA,unrated,1946,08,1,114
8.2Film-Noir,Romance,Thriller,English,French,Portuguese,USA,unrated,1946,09,1,101
8.6Mystery,Thriller,English,USA,R,2000,10,0,113
8Comedy,Crime,Mystery,English,USA,unrated,1934,05,1,91
8.8Action,Adventure,Fantasy,Sci-Fi,English,USA,PG,1977,05,0,121
8.2Comedy,Romance,English,USA,unrated,1934,02,1,105
8.3Crime,Film-Noir,Thriller,English,Spanish,USA,PG_13,1958,06,1,95
6.1Drama,Family,Fantasy,English,American Sign Language,USA,PG,1994,11,1,114
5.2Comedy,Romance,English,USA,PG,1999,07,1,116
8.1Adventure,Comedy,Family,Fantasy,Romance,English,USA,PG,1987,09,1,98
8.5Drama,English,USA,R,1999,10,1,122
8.7Crime,Drama,Thriller,English,USA,R,1991,02,0,118
8.8Action,Adventure,Sci-Fi,English,USA,PG,1980,05,0,124
8.4Drama,Mystery,English,German,USA,unrated,1958,02,0,116
8.6Comedy,Drama,Family,English,USA,G,1936,02,0,87
8Thriller,English,USA,PG,1943,01,1,108
8.4Action,Adventure,Drama,Western,English,Spanish,USA,unrated,1948,01,1,126
8.2Crime,Film-Noir,Mystery,Romance,Thriller,English,French,USA,PG,1951,06,1,101
8.3Crime,Drama,Film-Noir,Mystery,English,USA,unrated,1941,10,1,100
8Comedy,Drama,Romance,English,French,USA,unrated,1940,01,0,92
8.6Crime,Drama,English,USA,R,1999,02,1,119
8Comedy,Romance,English,French,USA,unrated,1940,12,0,112
8.5Mystery,Romance,Thriller,English,USA,PG,1958,07,0,128
8Comedy,Crime,Romance,English,USA,unrated,1941,03,1,94
8.1Drama,Mystery,Romance,Thriller,War,English,USA,PG_13,1962,10,0,126
8.1Documentary,Crime,Mystery,English,USA,unrated,1988,08,0,103
8.4Drama,Romance,Sci-Fi,English,USA,R,2004,03,1,108
8.5Crime,Drama,English,Spanish,USA,R,1976,02,1,113
8.1Drama,Film-Noir,Thriller,English,American Sign Language,USA,unrated,1947,11,0,97
8.3Drama,Mystery,Romance,Thriller,English,French,USA,unrated,1940,04,1,130
8.2Documentary,Music,English,USA,unrated,1984,11,1,88
7.8Romance,Comedy,English,USA,APPROVED,1942,11,1,88
8.1Crime,Film-Noir,Thriller,English,USA,unrated,1956,06,0,85
8.1Comedy,Drama,Romance,English,Italian,German,USA,unrated,1953,09,0,118
8.4Crime,Drama,Mystery,English,USA,R,1997,09,1,138
8.4Biography,Drama,Sport,English,USA,R,1980,12,1,129
8.1Drama,Film-Noir,English,USA,unrated,1957,06,0,96
8.4Crime,Thriller,English,USA,R,1992,10,1,99
8Comedy,Mystery,Romance,Thriller,English,French,German,Italian,USA,unrated,1963,12,0,113
8Crime,Drama,Mystery,Thriller,English,USA,PG_13,1967,10,1,109
7.6Drama,Mystery,Romance,English,Spanish,USA,R,1996,06,1,135
7.8Drama,History,English,Italian,USA,PG_13,1988,06,0,135
8.2Drama,Film-Noir,Thriller,English,USA,unrated,1955,11,0,93
8.2Drama,Mystery,Thriller,English,Latin,Spanish,USA,PG_13,1999,08,1,107
8.2Comedy,Drama,Romance,English,German,USA,PG,1977,04,0,93
8.1Comedy,Romance,English,USA,unrated,1938,02,1,102
8.5Comedy,Drama,War,English,Esperanto,USA,PG,1941,03,1,125
8.1Romance,Comedy,English,Russian,USA,unrated,1936,09,0,94
8.4Comedy,English,USA,unrated,1959,03,1,120
7.8Comedy,Drama,War,English,USA,unrated,1955,12,1,123
8Comedy,Music,Musical,English,Italian,USA,unrated,1935,11,1,96
8.5Drama,Romance,English,USA,PG_13,2012,10,0,102
8.4Comedy,Musical,Romance,English,USA,G,1981,05,1,103
7.7Comedy,Musical,Romance,English,Italian,USA,unrated,1935,09,1,101
8.1Drama,English,Latin,Spanish,USA,unrated,1966,06,0,131
8.3Animation,Adventure,Comedy,Drama,Family,Fantasy,English,USA,PG,2009,08,0,96
8.5Animation,Adventure,Family,Romance,Sci-Fi,English,USA,G,2008,06,1,98
7.6Drama,English,USA,R,2000,11,0,111
7.8Crime,Drama,Film-Noir,Mystery,Thriller,English,USA,PG,1944,05,0,114
8Comedy,Drama,Romance,English,USA,R,1979,04,0,96
8.7Crime,Mystery,Thriller,English,USA,R,1995,09,1,127
8Comedy,Drama,Romance,English,USA,PG_13,2012,06,1,94
8.4Drama,English,USA,unrated,2000,10,1,102
8.4Romance,Comedy,Drama,English,USA,unrated,1960,09,1,125
8Biography,Drama,History,Mystery,Thriller,English,Spanish,USA,R,1976,04,1,138
8Comedy,Crime,Romance,English,German,USA,unrated,1944,09,1,118
8Adventure,Romance,Thriller,War,English,French,USA,unrated,1945,01,1,100
8.5Animation,Adventure,Comedy,Family,Fantasy,English,Spanish,USA,G,2010,06,0,103
7.7Crime,Thriller,English,USA,R,1985,01,1,99
8.4Action,English,Russian,USA,PG_13,2012,05,1,143
7.6Comedy,Drama,Family,Sport,English,Italian,French,USA,PG,1979,07,1,101
7.9Crime,Drama,English,Spanish,USA,PG,1975,04,0,94
8.7Drama,Romance,English,USA,PG_13,1994,07,0,142
8.2Drama,Mystery,Sci-Fi,English,USA,R,2002,01,0,113
8.2Drama,English,USA,R,1998,01,1,126
8Comedy,Music,English,USA,R,1984,03,1,82
8Comedy,Drama,English,USA,PG_13,1989,10,1,104
8.2Crime,Mystery,Thriller,English,USA,PG,1954,05,1,105
8.1Comedy,Drama,English,USA,unrated,1950,10,1,104
7.9Crime,Drama,Film-Noir,Thriller,English,Italian,USA,unrated,1948,07,1,100
8.2Animation,Adventure,Comedy,Drama,Family,Fantasy,English,USA,PG,2010,03,1,98
8Documentary,Music,English,Middle English,USA,PG,1978,04,0,117
7.9Comedy,Romance,English,Russian,USA,unrated,1940,02,0,110
7.2Drama,English,Italian,USA,R,1996,09,1,107
8.2Documentary,Crime,English,USA,PG_13,2010,02,0,120
7.8Drama,English,Spanish,German,USA,APPROVED,1965,04,0,116
7.9Drama,Romance,Thriller,English,USA,PG_13,1964,02,0,118
8.2Documentary,English,USA,R,1991,12,1,96
8Comedy,Romance,Drama,English,USA,unrated,1940,01,1,99
8.3Action,Adventure,Comedy,English,German,Greek,USA,PG_13,1989,05,0,127
8.2Drama,English,USA,unrated,1940,03,1,129
8.4Drama,English,USA,unrated,1939,10,0,129
8Western,English,Navajo,Spanish,USA,unrated,1956,03,0,119
8Drama,English,USA,R,1996,11,0,135
8.2Action,Crime,Film-Noir,Thriller,English,USA,unrated,1949,09,1,114
8.1Western,English,Spanish,German,USA,R,1969,06,0,145
8.2Drama,History,Thriller,English,Persian,USA,R,2012,10,1,120
7.8Action,Adventure,Crime,Mystery,Thriller,English,Polish,Spanish,USA,PG_13,1994,11,1,130
8Drama,English,USA,R,1971,10,1,118
7.9Action,Adventure,Sci-Fi,Thriller,English,Mandarin,USA,PG_13,2005,09,1,119
8.2Crime,Thriller,English,Spanish,USA,R,2007,11,0,122
8.1Adventure,Drama,English,USA,R,1986,08,1,89
8Crime,Drama,Film-Noir,Thriller,English,USA,APPROVED,1953,10,0,90
8.1Crime,Drama,English,USA,R,1975,09,1,125
8Comedy,Drama,English,USA,PG,1971,12,0,91
7.3Crime,Mystery,Thriller,English,USA,R,1987,10,1,102
8Drama,English,Italian,USA,R,1969,06,0,113
7.8Drama,Romance,English,Portuguese,USA,unrated,1942,10,1,117
7.5Comedy,Musical,Romance,English,French,USA,unrated,1937,05,1,109
8Drama,Comedy,English,Russian,Italian,USA,PG,1979,12,0,130
8Drama,Romance,English,Italian,USA,PG,1978,09,0,94
8.4Action,Adventure,Fantasy,Sci-Fi,English,USA,PG,1983,05,0,134
7.9Drama,English,USA,unrated,1963,05,0,112
7.6Comedy,Romance,Sport,English,USA,APPROVED,1932,08,1,68
7.9Comedy,Crime,English,USA,R,1999,02,1,89
7.5Drama,Mystery,Romance,Thriller,English,French,USA,R,1975,11,1,117
8.3Western,English,USA,R,1992,08,1,131
7.8Comedy,Drama,English,French,USA,unrated,1939,09,1,133
7.7Adventure,Comedy,Family,Musical,English,USA,APPROVED,1956,01,1,101
8Comedy,Sci-Fi,English,German,USA,PG,1974,12,1,106
8Drama,Film-Noir,Mystery,Romance,Thriller,English,USA,APPROVED,1950,05,0,94
7.6Drama,Comedy,English,German,Spanish,USA,unrated,1963,07,1,94
8.1Drama,Romance,Western,English,USA,unrated,1962,04,1,123
7.3Drama,Music,English,USA,PG,1983,06,1,100
8.2Drama,Sport,English,USA,PG_13,2011,09,1,140
8Drama,English,USA,PG,1958,09,1,108
7.8Comedy,Drama,Fantasy,English,USA,R,1999,11,1,112
7.5Comedy,Sport,English,Italian,USA,APPROVED,1937,06,1,111
7.8Drama,Romance,War,English,USA,unrated,1953,10,0,118
7.9Drama,History,War,English,USA,R,1989,12,1,122
7.8Comedy,Romance,English,USA,APPROVED,1938,06,0,95
7.9Drama,Film-Noir,Mystery,Romance,English,USA,unrated,1945,10,1,111
8.1Drama,War,English,French,German,Latin,USA,unrated,1930,08,1,133
7.8Comedy,Drama,English,Spanish,USA,R,2003,12,1,89
7.8Crime,Drama,Horror,Thriller,English,USA,unrated,1967,10,0,108
7.9Documentary,Spanish,English,German,USA,unrated,1982,10,1,95
8Adventure,Drama,Thriller,War,English,USA,APPROVED,1965,01,1,112
7.9Comedy,Drama,English,USA,PG_13,1986,06,0,103
7.6Crime,Drama,Film-Noir,Mystery,Thriller,English,USA,APPROVED,1944,12,1,95
8.2Comedy,War,English,German,USA,APPROVED,1942,03,1,99
8.1Comedy,Crime,Romance,English,Italian,Russian,Spanish,German,USA,unrated,1932,10,1,83
7.4Comedy,English,USA,PG_13,1997,01,1,84
7.9Comedy,Romance,English,USA,unrated,1937,10,0,91
8.1Drama,Mystery,Thriller,English,French,Italian,USA,R,2010,12,1,108
6Action,Drama,Sport,English,USA,R,1992,03,1,101
7.4Comedy,Crime,Romance,English,USA,APPROVED,1966,08,1,123
8.3Action,Thriller,English,German,Italian,USA,R,1988,07,1,131
7.5Drama,Film-Noir,Mystery,Thriller,English,USA,unrated,1941,11,1,99
8.2Drama,Film-Noir,English,Latin,USA,unrated,1951,06,1,111
7.8Documentary,Music,English,USA,unrated,1968,02,1,96
7.4Adventure,Drama,English,Inuktitut,USA,PG,1983,10,1,105
7.7Comedy,Crime,Drama,Mystery,Romance,Thriller,English,USA,R,1992,04,1,124
8Crime,Drama,History,English,USA,R,1968,03,0,134
7.8Action,Adventure,Drama,Thriller,Western,English,Spanish,USA,unrated,1960,10,1,128
7.9Adventure,Comedy,Drama,English,USA,R,2006,08,1,101
7.7Crime,Drama,Film-Noir,Mystery,Sci-Fi,Thriller,English,Italian,Spanish,USA,unrated,1955,05,0,106
7.9Western,English,Navajo,Spanish,USA,PG,1976,06,0,135
7.9Comedy,Drama,Romance,English,Irish Gaelic,USA,G,1952,09,1,129
7.6Comedy,Musical,Romance,English,French,USA,G,1936,10,0,103
7.9Comedy,Romance,English,Russian,USA,unrated,1938,11,0,126
8Drama,Romance,English,French,USA,R,2004,06,0,80
7.3Comedy,English,USA,unrated,1940,11,1,72
8Drama,Romance,English,USA,PG,1955,04,1,115
7.7Drama,Film-Noir,Romance,Thriller,English,Spanish,French,German,USA,unrated,1946,03,1,110
8.1Drama,Romance,English,French,USA,unrated,1950,02,1,115
8.4Documentary,Crime,English,Japanese,USA,PG_13,2009,08,0,92
7.7Drama,Romance,English,USA,unrated,1955,06,1,90
7.9Action,Adventure,Sci-Fi,English,Persian,Urdu,Arabic,USA,PG_13,2008,04,0,126
8.1Crime,Drama,Mystery,Thriller,English,USA,PG,1948,08,1,80
8.3Documentary,Biography,History,English,USA,unrated,1985,09,1,90
7.6Film-Noir,Mystery,Romance,Thriller,English,USA,unrated,1945,12,1,111
8.3Animation,Adventure,Comedy,Family,Fantasy,English,USA,G,1995,11,0,81
7.3Crime,Drama,Thriller,English,USA,R,1981,08,1,113
7.9Drama,Romance,War,English,USA,PG,1954,06,0,124
7.7Crime,Drama,Mystery,Thriller,English,USA,APPROVED,1945,10,0,97
8.1Biography,Drama,English,USA,PG_13,2002,01,1,135
7.5Drama,English,USA,R,1970,09,1,98
7.5Comedy,Musical,Romance,English,French,Italian,USA,APPROVED,1934,10,1,107
7.9Comedy,Drama,English,USA,PG_13,1986,02,1,103
7.9Crime,Drama,Film-Noir,Mystery,Romance,English,USA,unrated,1946,12,0,103
8Animation,Action,Adventure,Family,English,French,USA,PG,2004,11,1,115
8Drama,English,Italian,USA,R,1988,12,1,133
8.2Comedy,Romance,Thriller,English,USA,unrated,1923,04,1,70
7.9Drama,Horror,Sci-Fi,Thriller,English,French,Hindi,USA,APPROVED,1951,09,1,92
8.5Adventure,Comedy,Sci-Fi,English,USA,PG,1985,07,0,116
8.3Biography,Drama,English,USA,PG,1980,10,1,124
8.2Action,Crime,Thriller,English,Japanese,French,USA,PG_13,2003,10,1,111
7.7Comedy,Drama,English,USA,unrated,1958,12,1,143
8Documentary,Comedy,English,USA,PG,1983,05,1,105
7.8Drama,Musical,English,German,Hebrew,French,USA,PG,1972,02,1,124
7.1Comedy,Drama,English,USA,R,1982,03,1,110
7.6Biography,Drama,Sport,English,USA,PG_13,2011,09,1,133
7.8Action,Adventure,Romance,Western,English,Spanish,USA,APPROVED,1948,09,1,133
8Animation,Comedy,Family,Fantasy,English,French,USA,G,2007,06,1,111
7.7Comedy,Romance,English,USA,G,1968,05,0,105
8.2Crime,Drama,Western,English,Spanish,USA,unrated,1943,05,1,75
7.8Drama,Romance,English,USA,unrated,1965,12,1,105
7.7Crime,Drama,Music,Romance,English,French,Arabic,Romanian,USA,PG_13,2008,04,1,104
7.8Comedy,Drama,English,USA,R,2011,09,1,100
7.5Comedy,Crime,Mystery,Romance,English,USA,unrated,1936,12,1,112
7.7Documentary,Bengali,English,USA,R,2005,07,1,85
7.7Biography,Drama,History,English,USA,R,2009,01,1,128
7.2War,Action,Drama,English,Japanese,USA,PG,1958,03,0,93
7.7Crime,Drama,Thriller,English,Albanian,USA,R,2006,03,1,129
7.5Documentary,History,English,USA,R,1989,12,0,91
8Mystery,Thriller,English,German,USA,R,2010,02,1,138
7.9Action,Comedy,Drama,Family,Romance,English,USA,unrated,1928,05,1,70
7.9Biography,Drama,English,French,USA,PG_13,2010,10,1,120
7.8Adventure,Drama,Western,English,USA,PG_13,2010,12,0,110
6.8Drama,Romance,Western,English,USA,APPROVED,1960,04,0,125
7.5Drama,History,English,USA,PG,1995,06,1,140
7.8Action,Drama,War,English,USA,unrated,1950,02,0,132
7.8Comedy,Drama,English,USA,unrated,1962,12,0,117
7.9Biography,Drama,Romance,Sport,English,USA,PG_13,2005,06,1,144
7.2Comedy,Romance,English,USA,APPROVED,1957,05,0,103
7.6Biography,Drama,Sport,English,USA,PG_13,2009,11,1,129
7.9Drama,English,USA,PG,1989,06,1,128
7.9Drama,English,USA,APPROVED,1961,09,0,128
7.9Documentary,Biography,Music,English,USA,PG_13,2006,05,1,110
7.7Comedy,English,German,USA,PG,1968,11,1,88
7.9Biography,Drama,Sport,English,USA,R,2010,12,1,116
7.8Animation,Comedy,Family,Fantasy,Musical,Romance,English,USA,PG,2010,11,0,100
8Action,Adventure,Romance,English,USA,PG,1938,05,1,102
7.8Drama,Romance,English,USA,unrated,1953,02,0,118
7.4Documentary,Family,Music,English,Spanish,USA,PG,2005,05,1,105
7.6Comedy,Musical,Romance,English,USA,APPROVED,1949,12,1,98
7.7Action,Comedy,Crime,Mystery,Thriller,English,USA,R,2005,09,0,103
7.8Drama,English,USA,R,1981,02,1,124
8.1Comedy,Crime,Drama,English,USA,PG,1973,05,0,102
7.5Adventure,Comedy,Crime,Mystery,English,USA,PG_13,1987,03,1,94
8Animation,Adventure,Comedy,Family,Fantasy,English,USA,G,2001,11,1,92
8.2Crime,Thriller,English,USA,unrated,2005,04,1,124
7.2Drama,Mystery,Thriller,English,USA,PG,1998,04,1,110
7.8Comedy,Horror,English,USA,R,2009,10,1,88
8.1Mystery,Sci-Fi,Thriller,English,USA,R,1996,01,1,129
7.6Comedy,Drama,Romance,English,USA,PG,1951,05,0,103
7.9Comedy,English,USA,R,1994,10,0,92
8.1Drama,Romance,English,French,German,Italian,USA,unrated,1936,09,0,101
7.9Crime,Drama,English,USA,R,2011,09,1,100
7.7Documentary,English,Spanish,USA,G,2008,10,1,99
7.8Animation,Adventure,Comedy,Family,English,French,USA,PG,2009,11,0,87
7.7Action,Adventure,Sci-Fi,English,USA,PG,1956,03,0,98
8Drama,Romance,English,USA,unrated,1942,07,1,88
7.5Thriller,English,French,Arabic,USA,PG,1956,06,1,120
7.7Comedy,Drama,Romance,English,USA,PG_13,2007,12,0,96
8Crime,Drama,Thriller,English,Cantonese,Mandarin,Spanish,USA,R,2004,04,1,136
7.6Comedy,English,USA,unrated,1931,09,1,77
7.9Comedy,English,German,Russian,USA,unrated,1961,12,1,115
7.6Comedy,Romance,English,Spanish,USA,PG,1972,05,0,85
8.1Drama,Sport,English,Irish Gaelic,USA,PG_13,2005,01,1,132
7.7Mystery,Romance,Thriller,War,English,Dutch,Latvian,USA,PG,1940,08,1,120
7.1Drama,English,USA,PG,1979,10,1,115
7.9Drama,English,USA,R,1992,10,1,100
7.6Comedy,Drama,Romance,English,USA,R,2004,09,0,102
7.7Drama,English,USA,unrated,1967,12,0,108
7.8Drama,Family,English,Welsh,USA,unrated,1942,04,0,118
7.6Action,Adventure,Thriller,English,Russian,USA,PG,1990,03,1,134
8Crime,Drama,History,Thriller,English,USA,R,1987,06,0,119
7.4Comedy,Drama,English,USA,R,1995,07,1,90
7.7Comedy,Western,English,Yiddish,German,USA,R,1974,02,0,93
8.1Action,Adventure,Fantasy,English,USA,PG_13,2003,07,0,143
8.4Adventure,Drama,English,Tamil,French,USA,PG,2012,11,0,127
6.9Drama,Thriller,Sci-Fi,English,USA,PG_13,2005,05,1,77
8Drama,Western,English,Spanish,USA,unrated,1959,04,1,141
8.1Crime,Drama,English,USA,unrated,1932,11,1,92
7.9Thriller,War,English,German,French,USA,unrated,1944,01,1,97
8.1Comedy,Drama,Fantasy,Romance,English,French,Italian,USA,PG,1993,02,1,101
8.1Drama,English,USA,unrated,1945,11,1,101
7.6Thriller,English,French,German,Spanish,Yiddish,USA,R,1976,10,1,125
7.7Biography,Drama,Family,English,USA,PG,1999,02,1,108
7.8Drama,Western,English,Spanish,USA,unrated,1946,12,0,97
8.3Comedy,Drama,Romance,English,USA,R,2012,11,0,122
7.3Comedy,Sci-Fi,English,Yiddish,USA,PG,1973,12,0,89
7.6Documentary,Music,English,USA,PG,2003,01,0,116
7.9Animation,Adventure,Comedy,Family,Fantasy,English,USA,PG,2001,05,1,90
7.8Drama,English,USA,R,1982,12,0,129
7.7Comedy,Drama,English,USA,R,2006,04,1,92
7.3Comedy,Romance,Sport,English,French,Russian,German,Spanish,Greek,USA,APPROVED,1942,01,0,114
7.3Comedy,Mystery,Drama,Crime,Romance,Spanish,English,USA,unrated,1939,11,1,103
7.8Action,Adventure,Drama,Romance,English,French,USA,unrated,1935,12,1,119
7.5Crime,Drama,English,Italian,USA,R,1973,10,1,112
7.7Comedy,Drama,Romance,English,USA,APPROVED,1941,05,1,122
7.4Comedy,Drama,Romance,English,USA,PG_13,1989,04,1,100
7.2Comedy,Drama,Romance,English,USA,R,1999,01,1,123
7.4Comedy,Drama,English,USA,R,1997,04,1,96
7.8Comedy,Crime,Drama,English,Latin,USA,R,2003,01,1,114
7.9Drama,Music,English,USA,R,2000,09,0,122
7.8Comedy,Drama,Romance,English,Portuguese,USA,unrated,1961,11,0,115
6.4Drama,English,USA,PG_13,2011,09,1,129
7.7Documentary,Music,English,USA,R,2005,04,0,107
8Horror,Sci-Fi,English,Latin,USA,unrated,1931,11,1,70
7.4Drama,War,Western,English,USA,unrated,1956,11,1,137
7.8Comedy,Drama,English,Russian,USA,X,1998,10,1,134
7.8Drama,Mystery,Thriller,English,USA,R,1989,01,1,128
7.7Comedy,Drama,English,USA,PG,1983,03,1,109
8Drama,History,War,Japanese,English,USA,R,2007,02,1,141
8Biography,Drama,English,American Sign Language,USA,APPROVED,1962,07,1,106
7.6Drama,English,Spanish,USA,APPROVED,1964,08,0,125
7.9Film-Noir,Thriller,English,USA,APPROVED,1953,08,1,80
7.5Drama,English,Spanish,USA,R,2009,12,0,99
7.7Comedy,Drama,Fantasy,Romance,English,USA,PG_13,2006,11,1,113
7.9Adventure,Western,English,USA,unrated,1939,03,0,96
7.4Drama,Romance,English,French,Italian,USA,unrated,1957,07,0,119
7.5Animation,Drama,English,USA,R,2002,03,0,99
7.8Crime,Drama,English,USA,R,2003,01,1,135
7.6Comedy,Drama,Romance,English,USA,R,1989,07,1,96
7.6Comedy,Drama,Thriller,English,USA,R,1985,10,1,97
7.1Comedy,Romance,English,USA,PG,1985,10,1,97
7.8Action,Adventure,Sci-Fi,English,German,French,Spanish,Russian,USA,PG_13,2011,06,1,132
7.9Comedy,Drama,Romance,English,French,Swedish,USA,PG_13,2009,08,1,95
7.4Comedy,English,USA,PG_13,2001,03,0,90
7.8Drama,English,Italian,Spanish,USA,R,1989,06,1,120
7.4Comedy,Drama,Musical,Romance,English,USA,APPROVED,1943,04,1,100
7.6Western,English,USA,R,1973,08,0,105
7.6Crime,Drama,Thriller,Mystery,English,USA,R,1973,03,0,112
7.7Comedy,Drama,English,Spanish,Latin,French,USA,R,1999,02,1,93
7.5Comedy,Drama,English,USA,PG,1993,08,0,109
7.8Drama,Persian,English,USA,R,2009,10,1,114
7.6Documentary,Family,Musical,English,USA,G,1974,06,1,135
7.2Comedy,Drama,Romance,English,Hebrew,USA,R,1988,12,0,120
7.5Drama,Romance,Thriller,English,German,USA,R,1985,02,1,112
8.2Animation,Comedy,Family,English,USA,PG,2012,11,0,101
8Animation,Adventure,Comedy,Family,Fantasy,English,Arabic,USA,G,1999,11,0,92
7.7Documentary,Biography,Music,English,USA,R,2008,12,1,120
8.1Drama,English,USA,unrated,1925,01,0,140
7.8Documentary,Biography,History,English,USA,R,2005,10,0,103
8Adventure,Drama,Fantasy,Mystery,English,USA,PG_13,2004,01,1,125
7.9Animation,Action,Adventure,Comedy,Crime,Family,Sci-Fi,English,USA,PG,1999,08,1,86
8Documentary,Crime,English,USA,unrated,2007,02,0,101
7.5Comedy,Drama,English,Russian,Ukrainian,USA,PG_13,2005,09,1,106
7.8Crime,Drama,Mystery,Thriller,English,USA,R,2007,10,1,114
7.8Documentary,English,USA,PG,2010,04,0,94
8Drama,Romance,English,USA,unrated,1941,12,0,116
7.7Adventure,Drama,Fantasy,Mystery,English,Mandarin,USA,unrated,1937,09,0,132
7.1Thriller,Crime,Drama,English,USA,R,1992,05,1,105
7.6Sci-Fi,Thriller,Mystery,Drama,English,USA,PG_13,1966,11,0,106
7.6Drama,Romance,English,USA,unrated,1955,12,1,89
7.5Biography,Comedy,Drama,English,USA,R,2003,09,1,101
7.8Crime,Mystery,Thriller,English,USA,R,1986,09,1,120
7.3Documentary,English,USA,PG,2006,06,1,94
7.9Comedy,Drama,English,USA,R,1985,02,1,97
7.7Crime,Drama,English,Italian,USA,R,1993,09,0,121
7.7Drama,Mystery,Thriller,English,Cantonese,German,USA,R,1997,09,1,129
7.7Drama,Thriller,War,English,Arabic,Turkish,USA,R,2008,10,1,131
7.3Comedy,Romance,English,USA,APPROVED,1940,05,1,88
7.5Action,Adventure,Comedy,Crime,Thriller,English,USA,R,1988,07,0,126
7.7Drama,Adventure,Romance,English,Spanish,USA,APPROVED,1939,05,0,121
7.1Comedy,Drama,English,USA,PG,1973,10,0,113
7.9Drama,Romance,English,USA,PG_13,2004,06,1,123
7.6Drama,English,USA,PG_13,1993,12,0,125
7.4Comedy,Documentary,English,USA,R,1982,03,1,82
7.8Biography,Drama,War,English,French,German,USA,unrated,1941,09,1,134
7.2Comedy,Drama,Romance,English,USA,PG,1994,10,0,119
7.2Musical,Romance,English,French,German,USA,unrated,1951,11,1,113
7.6Documentary,English,USA,PG,2006,08,1,92
7.5Mystery,English,USA,R,2006,04,1,110
7.1Drama,War,English,USA,R,1984,12,1,120
7.6Crime,Drama,Mystery,Thriller,English,USA,R,1992,12,1,138
7.6Comedy,Drama,Music,English,German,USA,R,2001,07,1,95
7Adventure,Drama,Thriller,English,USA,R,1999,06,1,126
7.6Drama,Western,English,USA,R,1971,06,0,120
7.9Drama,Romance,English,USA,PG_13,1955,10,0,111
7.8Biography,Drama,English,Chinese,USA,PG_13,2006,12,1,117
8.1Documentary,Drama,History,English,French,Spanish,Russian,USA,PG_13,2007,06,1,123
7.4Drama,English,USA,PG,1986,01,1,108
7.8Drama,English,USA,APPROVED,1962,06,0,139
7.2Drama,Mystery,English,USA,APPROVED,1957,09,0,91
7.9Action,Comedy,Music,Musical,English,USA,R,1980,06,1,133
7.1Comedy,Crime,English,Spanish,USA,R,1996,02,0,91
7.8Comedy,Drama,Romance,English,USA,PG_13,1997,12,0,139
7.8Adventure,Drama,Thriller,English,USA,R,1972,07,1,110
7.7Animation,Fantasy,Thriller,English,Russian,USA,PG,2009,02,1,100
7.8Biography,Crime,Drama,Thriller,English,Italian,Japanese,USA,R,1997,02,1,127
7.9Drama,Horror,Thriller,English,German,French,USA,unrated,1932,02,1,64
7.6Crime,Drama,Film-Noir,Thriller,English,USA,APPROVED,1941,01,1,100
7.3Mystery,Sci-Fi,Thriller,English,Russian,Italian,USA,PG_13,2011,03,1,105
7.2Mystery,Thriller,English,USA,R,1971,06,1,114
7.2Comedy,Drama,English,USA,PG_13,1990,08,1,98
7.4Drama,Family,History,Sport,English,USA,PG,2004,02,1,135
7.2Comedy,English,USA,PG,1982,10,1,92
7.5Drama,Sport,English,USA,PG,1984,05,1,134
7.7Crime,Thriller,English,Italian,Cantonese,USA,PG_13,2001,12,1,116
7.6Biography,Drama,Sport,English,USA,PG,2000,09,1,113
7.9Crime,Drama,Thriller,English,USA,PG,1932,04,1,93
7.5Drama,Film-Noir,Thriller,English,USA,APPROVED,1948,09,0,89
7.3Drama,Sci-Fi,English,USA,APPROVED,1959,12,0,134
7.4Documentary,Sport,English,USA,PG,2006,01,1,87
7.9Drama,Film-Noir,English,USA,APPROVED,1945,12,1,103
7.7Crime,Drama,Thriller,English,Spanish,USA,R,1974,11,0,104
7.7Comedy,English,USA,R,2007,08,1,113
8Comedy,Drama,Sci-Fi,English,USA,PG,1998,06,1,103
7.8Comedy,Romance,English,USA,PG,1980,07,0,88
8.1Comedy,Romance,Family,Drama,English,USA,unrated,1928,09,1,69
7.8Thriller,English,USA,unrated,1962,04,0,105
7.4Drama,Romance,English,USA,PG,1939,04,1,104
7.4Crime,Drama,Film-Noir,Mystery,English,USA,APPROVED,1945,11,0,67
7.5Comedy,Drama,Romance,English,USA,PG_13,2011,07,1,118
7.5Documentary,Sport,English,USA,PG,1968,08,1,95
7.3Comedy,Drama,English,Spanish,USA,R,1999,05,1,103
7.6Action,Drama,Sci-Fi,Thriller,English,USA,R,2003,02,0,107
5.9Comedy,Drama,Romance,English,USA,R,1972,10,1,102
7.4Drama,Romance,English,USA,R,1992,09,1,108
7.6Biography,Comedy,Drama,English,USA,R,1974,11,1,111
7.8Comedy,Romance,English,USA,G,1936,10,1,98
7.7Drama,English,USA,R,2006,11,1,137
7.2Drama,English,USA,APPROVED,1958,05,1,115
7.7Drama,History,Mystery,Thriller,English,Spanish,USA,PG,1982,05,0,122
7.4Comedy,Drama,English,USA,PG,1981,10,1,110
7.9Comedy,Family,English,USA,unrated,1923,11,0,73
7.1Drama,Mystery,War,English,USA,PG,1985,02,0,101
7.6Drama,Romance,English,USA,PG_13,1961,10,0,124
7.7Comedy,Drama,English,USA,APPROVED,1937,10,1,92
7.3Comedy,Musical,Romance,English,USA,APPROVED,1954,10,0,120
7.8Drama,English,USA,PG,1977,05,0,124
7.8Action,Crime,Drama,Western,English,Chinese,USA,R,2007,09,1,122
7.3Adventure,Comedy,Romance,English,USA,R,1983,07,1,98
7.7Comedy,Music,English,USA,APPROVED,1948,12,1,105
7.8Adventure,Drama,Sci-Fi,English,French,Spanish,Hindi,USA,PG,1990,09,1,132
7.8Action,Crime,Thriller,English,USA,R,1971,12,0,102
7.6Crime,Drama,History,Thriller,English,USA,PG,1979,06,1,112
7.5Drama,English,USA,R,1997,09,1,112
7.9Drama,English,USA,unrated,1939,12,1,117
7.1Adventure,Comedy,Crime,Thriller,Action,English,Spanish,Mandarin,USA,PG,1979,09,0,103
7.8Drama,English,USA,PG_13,1963,01,0,84
7.3Drama,History,English,USA,PG_13,1993,08,1,103
7Action,Drama,Mystery,Romance,Thriller,English,Russian,USA,R,1987,08,1,114
7.5Comedy,English,Italian,Russian,French,Chinese,USA,PG,1968,04,0,99
7.2Documentary,Drama,English,USA,PG_13,1996,10,1,112
8.4Animation,Adventure,Drama,Family,Musical,English,Swahili,Xhosa,Zulu,USA,G,1995,07,1,89
6.9Crime,Drama,Thriller,English,USA,R,1993,06,0,98
7.7Drama,Western,English,USA,unrated,1953,09,0,118
7.8Drama,History,Romance,English,USA,unrated,1935,12,0,128
7.6Crime,Drama,Thriller,English,USA,R,2010,09,1,125
7.1Comedy,Drama,Romance,English,USA,R,2002,11,0,104
7.6Drama,Romance,English,USA,R,2009,12,0,109
7.1Drama,Romance,English,German,Norwegian,USA,PG,2008,07,0,110
8Documentary,Crime,War,English,USA,R,2009,01,1,106
7.3Drama,Mystery,English,USA,R,2010,09,1,100
7.7Comedy,Fantasy,English,German,USA,PG,1983,07,1,79
7.7Crime,Drama,Film-Noir,Mystery,Thriller,English,USA,APPROVED,1948,04,1,95
7.5Comedy,Drama,Fantasy,Romance,English,French,USA,unrated,1948,02,0,109
7.5Drama,Romance,English,USA,R,2010,12,0,112
7.2Horror,Mystery,Thriller,English,Japanese,USA,R,2012,04,1,95
7Drama,English,USA,PG,1982,04,1,108
7.7Crime,Drama,Thriller,English,USA,PG,1958,09,1,96
7.9Adventure,Drama,Family,Fantasy,Sci-Fi,English,USA,PG,1982,06,1,115
7.9Horror,Mystery,Sci-Fi,Thriller,English,USA,APPROVED,1956,02,1,80
7.5Adventure,Drama,Western,English,USA,PG,1972,09,1,108
7.4Drama,Family,Musical,Romance,English,Thai,USA,G,1956,06,1,133
7.5Drama,Family,Fantasy,English,French,USA,G,1995,05,0,97
7.7Drama,Western,English,Spanish,USA,PG,1962,05,0,107
8.1Drama,Romance,English,USA,unrated,1937,10,0,91
7.8Drama,English,USA,unrated,1939,12,1,106
7.1Drama,Music,English,American Sign Language,USA,PG,1996,01,1,143
7.5Mystery,Sci-Fi,Thriller,English,USA,PG_13,2011,04,1,93
8.2Horror,Mystery,Sci-Fi,Thriller,English,Norwegian,USA,R,1982,06,1,109
7.5Action,Adventure,Crime,Mystery,Thriller,English,USA,PG_13,2011,12,1,129
7.3Comedy,Drama,English,USA,R,1996,05,1,88
7.9Crime,Drama,Thriller,English,USA,unrated,1938,11,1,97
7.6Drama,Fantasy,Music,English,Spanish,USA,R,1979,12,0,123
7.8Drama,Film-Noir,Sport,English,USA,APPROVED,1947,11,1,104
7.4Comedy,Drama,English,Italian,Yiddish,USA,PG,1984,01,1,84
7.7Crime,Drama,English,USA,R,1991,07,1,112
7Comedy,Musical,English,USA,APPROVED,1929,08,1,96
7.2Action,Drama,Thriller,English,USA,R,1995,05,1,116
7.5Film-Noir,Thriller,English,USA,APPROVED,1947,09,1,106
6.9Mystery,Thriller,English,USA,R,1991,08,1,107
7.7Comedy,Western,English,Russian,USA,APPROVED,1940,01,0,94
7.6Drama,Mystery,English,USA,PG_13,2008,12,0,104
6.8Comedy,English,USA,R,1996,03,1,92
7.2Drama,History,Sport,English,USA,PG,1988,09,1,119
7.1Adventure,Comedy,English,German,French,Russian,USA,R,1980,10,1,106
7.5Drama,Romance,English,USA,PG_13,2008,09,1,93
7.7Crime,Drama,Film-Noir,Mystery,English,USA,unrated,1940,11,1,95
7.3Drama,Romance,English,USA,R,1990,05,0,96
7.6Drama,Romance,War,English,German,USA,G,1942,12,0,134
7.1Drama,War,English,USA,R,1992,04,1,108
7.4Crime,Drama,Mystery,Thriller,English,USA,R,2007,10,1,119
6.9Crime,Drama,English,USA,R,1980,07,0,122
7.6Crime,Drama,Mystery,Thriller,English,Spanish,USA,R,1996,04,0,129
7.6Drama,Romance,Sport,English,USA,R,2009,04,0,97
7.6Drama,Mystery,Thriller,English,USA,unrated,1959,12,0,114
7.6Comedy,Drama,English,Italian,USA,R,2001,12,1,110
7.7Comedy,Drama,Romance,Thriller,English,USA,unrated,1942,08,0,118
8Drama,Thriller,English,USA,unrated,1962,10,0,134
7.7Drama,English,USA,PG_13,1994,03,1,118
7.6Biography,Drama,English,USA,PG_13,1990,12,0,121
7.5Action,Mystery,Thriller,English,USA,PG,1968,10,0,114
7.3Drama,English,Hebrew,USA,R,2001,08,0,102
7.8Adventure,Drama,Family,English,Portuguese,USA,unrated,1937,06,1,115
7.8Drama,History,Mystery,Thriller,English,USA,R,2008,10,1,141
7.6Animation,Comedy,Crime,Family,English,USA,PG,2010,07,1,95
7.5Documentary,Sport,English,USA,PG_13,2002,01,0,91
7.8Crime,Drama,Thriller,English,Spanish,USA,R,2012,09,1,109
7.8Comedy,Horror,English,USA,unrated,1987,03,1,84
7.4Crime,Film-Noir,Drama,English,USA,PG,1948,12,1,78
7.7Documentary,Biography,Music,English,USA,R,1988,10,1,100
7.3Action,Adventure,English,USA,PG_13,2012,06,0,142
7Crime,Comedy,Romance,English,USA,APPROVED,1939,05,1,86
8Drama,Romance,English,USA,unrated,1948,09,0,86
7.4Drama,English,USA,R,2001,11,1,125
7.8Thriller,English,USA,R,1990,11,1,107
7.3Drama,English,USA,PG,1984,09,1,111
7.3Action,Thriller,English,USA,PG,1942,04,1,109
7.2Action,Crime,Drama,Mystery,Thriller,English,USA,R,1993,07,1,128
7.4Action,Comedy,Crime,Romance,Thriller,English,USA,R,1997,04,1,107
7.7Drama,English,USA,PG,1979,12,0,105
7.5Crime,Drama,Film-Noir,Thriller,English,USA,APPROVED,1956,02,0,112
7.6Horror,English,Hungarian,Latin,USA,APPROVED,1931,02,1,75
7.5Comedy,Drama,Family,English,USA,PG,2003,09,1,111
7.1Drama,English,Spanish,USA,PG,1988,03,1,103
7.2Action,Comedy,Drama,Romance,Thriller,English,USA,R,1981,02,0,131
7.8Comedy,Romance,English,German,USA,APPROVED,1934,05,1,91
7.3Comedy,Drama,Sport,English,USA,R,2011,05,1,106
7.2Comedy,Crime,English,Italian,USA,PG,1964,03,1,115
7Comedy,English,Yiddish,USA,PG_13,1971,07,0,82
7.3Crime,Drama,English,Hebrew,Russian,USA,R,1998,09,1,121
7.3Comedy,Drama,Romance,English,Mandarin,Shanghainese,USA,R,2005,09,1,91
7.1Comedy,Drama,English,USA,R,1983,09,0,105
8Horror,Sci-Fi,English,USA,unrated,1935,04,0,75
7.4Drama,Romance,English,USA,APPROVED,1937,01,1,109
7.4Comedy,Drama,English,USA,PG_13,2009,07,0,104
7.1Adventure,Comedy,Drama,English,Hindi,German,Tibetan,USA,R,2007,10,1,91
7.8Comedy,Drama,Fantasy,English,USA,APPROVED,1941,10,0,107
7.5Drama,English,USA,R,1968,11,1,130
7.2Adventure,Comedy,Romance,War,English,French,Japanese,USA,APPROVED,1964,12,0,118
7.4Drama,Comedy,English,USA,PG_13,1991,12,1,130
7.8Comedy,Family,Fantasy,English,USA,PG,1984,06,1,105
7.8Drama,Romance,Sci-Fi,Thriller,English,Esperanto,USA,PG_13,1997,10,1,106
7.6Drama,English,Persian,USA,R,2003,12,1,126
7.6Drama,Romance,English,USA,APPROVED,1944,04,1,97
7.5Action,Adventure,War,English,USA,PG,1939,02,1,117
7.4Drama,Romance,English,USA,PG_13,2002,12,1,107
7.3Comedy,Drama,English,USA,R,1989,03,1,103
7.1Comedy,English,French,USA,APPROVED,1947,09,1,118
7.6Drama,Romance,English,French,USA,unrated,1938,03,1,104
8Comedy,Romance,English,USA,unrated,1936,04,1,115
7.3Comedy,Romance,English,French,USA,unrated,1959,10,0,102
7.2Western,English,USA,R,1985,06,1,115
7.2Documentary,War,English,German,USA,G,2006,08,1,82
7.4Comedy,Crime,Drama,Sci-Fi,English,USA,PG_13,2012,09,0,89
8.1Drama,Sport,English,USA,PG,1976,12,1,119
7.5Drama,Sci-Fi,Thriller,English,Hebrew,USA,R,1998,07,1,84
6.8Drama,English,USA,R,1980,09,1,104
7.7Drama,History,Romance,English,USA,APPROVED,1934,09,1,104
7.1Drama,Family,History,Sport,English,USA,PG,2010,10,1,123
8Drama,Horror,Mystery,English,USA,R,1968,06,0,136
7.2Crime,Drama,Thriller,English,USA,R,1997,02,1,102
7.4Western,English,USA,APPROVED,1957,04,0,78
7.1Drama,Sci-Fi,English,USA,PG,1984,01,0,90
7.6Comedy,Drama,Romance,English,Armenian,USA,R,2005,01,1,126
7.6Crime,Film-Noir,Mystery,Thriller,English,USA,APPROVED,1942,11,0,81
7.7Biography,Drama,Musical,English,USA,G,1942,06,1,126
7.2Drama,Romance,English,USA,PG_13,2009,08,1,99
8Action,Adventure,Drama,History,Romance,English,USA,unrated,1927,10,1,143
7.4Crime,Drama,Thriller,English,USA,R,1996,10,1,108
7.2Biography,Drama,English,Spanish,Russian,French,USA,R,2001,01,1,133
7.1Drama,Romance,English,American Sign Language,USA,R,1986,10,1,119
7.6Action,Thriller,English,USA,R,1979,02,1,92
7.4Crime,Drama,English,USA,R,1987,12,1,126
7.7Drama,Romance,War,Action,English,USA,PG_13,1929,01,1,144
6.8Comedy,Crime,Drama,Mystery,Thriller,English,USA,R,1998,01,1,116
7.2Drama,Romance,War,English,USA,R,1991,10,1,94
8.1Horror,Thriller,English,Latin,Greek,French,German,Arabic,USA,R,1974,03,1,122
7.9Crime,Drama,Film-Noir,Romance,Thriller,English,USA,unrated,1936,05,1,92
7.8Crime,Drama,Film-Noir,Romance,Thriller,English,USA,APPROVED,1950,01,1,86
7Crime,Drama,Thriller,English,USA,R,1991,01,1,110
7.7Adventure,Drama,Family,Mystery,English,USA,PG,2011,11,0,126
7.2Action,Drama,English,Spanish,Portuguese,USA,PG_13,1989,03,1,108
7.6Animation,Action,Adventure,Comedy,Family,English,USA,PG,2008,06,1,90
7.3Crime,Drama,Thriller,English,USA,R,2012,08,0,118
7.3Animation,Action,Comedy,Family,Sci-Fi,English,USA,PG,2010,11,1,95
7.9Comedy,Crime,Drama,English,USA,G,1947,12,0,124
7.2Comedy,Romance,English,USA,unrated,1955,06,1,105
7.4Comedy,Drama,English,USA,R,2006,03,1,81
8Animation,Family,Fantasy,Musical,English,USA,PG,1993,10,1,76
7.4Drama,English,USA,R,2012,11,1,95
7.8Film-Noir,Sport,English,USA,APPROVED,1949,04,1,73
7.6Drama,Family,English,USA,G,1973,05,0,105
7.4Comedy,English,USA,R,1983,06,0,116
7.8Crime,Drama,Thriller,English,USA,R,2003,11,0,124
7.7Drama,English,USA,unrated,1961,12,0,107
7.2Comedy,Drama,Romance,English,French,USA,R,2011,06,0,105
7.5Biography,Crime,Drama,English,USA,R,2001,04,1,124
7.6Adventure,Drama,English,Italian,Arabic,USA,APPROVED,1965,12,0,142
8Drama,Fantasy,Romance,English,USA,PG_13,1990,12,1,105
7.2Crime,Drama,English,French,Chinese,Urdu,USA,R,2008,10,1,97
7.3Drama,English,USA,R,2006,08,1,106
7.9Comedy,Drama,Family,Fantasy,English,Dutch,USA,G,1947,05,1,96
7.1Drama,Romance,English,USA,unrated,1934,07,1,83
7.4Animation,Drama,Family,Fantasy,Sci-Fi,English,USA,G,1982,07,1,82
7.2Comedy,Drama,Sport,English,USA,R,1977,02,1,123
7Comedy,English,USA,PG,1966,03,0,112
7.6Crime,Mystery,Thriller,English,USA,APPROVED,1939,09,1,85
7.6Comedy,Fantasy,Horror,English,USA,R,1993,02,1,81
7.3Drama,Horror,Mystery,Thriller,English,USA,APPROVED,1956,09,0,129
7.1Comedy,War,English,Italian,USA,R,1970,06,0,122
7.3Drama,Romance,War,English,USA,R,1978,02,0,127
7.4Drama,Romance,English,USA,PG_13,2000,01,1,126
7.3Drama,English,Spanish,USA,R,1969,06,0,95
7.7Adventure,Drama,English,USA,R,1998,05,1,118
7.5Biography,Drama,English,USA,PG_13,2007,12,0,126
7.1Drama,English,USA,PG,2004,11,1,90
7.3Documentary,Biography,English,USA,unrated,2008,03,1,81
7.8Action,Adventure,Romance,War,English,French,Mohawk,USA,R,1992,09,1,112
7.7Drama,Romance,English,USA,unrated,1949,01,0,103
7.6Animation,Family,Fantasy,Musical,English,USA,G,1977,07,1,74
7.1Drama,Film-Noir,Thriller,English,USA,APPROVED,1947,07,1,108
7.5Drama,English,USA,PG_13,1992,10,1,115
7.5Crime,Drama,Music,Romance,English,USA,PG_13,1988,09,1,116
7.3Action,Adventure,Thriller,English,USA,R,1996,06,1,136
6.9Comedy,Drama,Mystery,English,USA,R,1993,12,0,112
7.4Documentary,English,USA,PG,2010,11,1,111
7.8Western,English,USA,APPROVED,1950,07,0,92
7.6Biography,Drama,English,USA,APPROVED,1939,06,1,100
7.1Drama,English,USA,PG_13,1998,01,1,134
6.8Drama,Sport,English,Spanish,USA,PG,1978,05,1,96
7.3Comedy,Sport,English,USA,R,1980,07,1,98
7.4Drama,Film-Noir,Romance,Sport,English,USA,PG,1949,04,1,99
7.3Drama,Music,Romance,English,Spanish,USA,R,2010,02,1,112
7.4Comedy,Drama,English,Hebrew,USA,PG,1989,12,1,99
7.6Crime,Drama,Thriller,English,Spanish,USA,R,2004,08,1,120
7.1Crime,Mystery,Thriller,English,USA,R,1975,08,1,95
7.2Comedy,Musical,Romance,English,USA,APPROVED,1936,02,0,110
7.3Comedy,Drama,English,USA,R,2012,05,0,105
7.3Comedy,Drama,Romance,English,Hawaiian,German,Japanese,USA,R,2008,04,1,111
7.9Drama,Family,English,Norwegian,Latin,French,USA,APPROVED,1948,03,0,134
7.5Crime,Drama,English,Serbo-Croatian,USA,R,2002,01,1,130
8Drama,Music,English,USA,G,1952,10,0,137
7.2Adventure,Comedy,Drama,English,Icelandic,Filipino,Portuguese,French,Tagalog,German,Italian,USA,R,2004,12,1,119
6.9Drama,English,USA,R,1995,05,0,128
7.1Comedy,Romance,English,USA,PG_13,1992,03,1,101
7.6Drama,Fantasy,Horror,Romance,Thriller,English,USA,unrated,1945,03,1,110
7.2Documentary,Music,Hopi,English,Spanish,USA,G,1989,01,0,99
7.4Drama,English,Italian,USA,R,2009,11,1,110
7.5Comedy,Drama,English,USA,PG,1987,01,1,88
7.8Crime,Drama,Thriller,English,USA,unrated,1939,10,0,106
7.1Action,Western,English,USA,PG_13,1985,07,0,133
7Comedy,Drama,Fantasy,Sci-Fi,War,English,German,USA,R,1972,03,0,104
7.5Crime,Drama,Film-Noir,Mystery,Thriller,English,Spanish,USA,APPROVED,1946,05,1,95
7Comedy,Crime,Drama,Thriller,English,USA,R,1995,03,0,101
7.3Horror,Sci-Fi,English,USA,PG,1951,04,1,87
7.7Action,Drama,History,Romance,Western,English,Latin,USA,R,1993,12,1,130
7.4Adventure,Comedy,Drama,English,Spanish,USA,R,2006,02,1,103
7.5Drama,English,USA,R,2006,07,1,94
7.1Animation,Action,Adventure,Comedy,Family,Fantasy,English,USA,PG,1983,08,1,75
7.2Drama,English,USA,R,2002,08,1,108
7.8Family,Fantasy,Musical,English,French,German,USA,G,1971,06,0,100
7.4Drama,Romance,English,USA,PG,1975,05,1,112
7.1Drama,English,Yiddish,USA,PG,1990,10,1,128
7.8Action,Fantasy,History,War,English,USA,R,2007,03,1,117
6.8Comedy,Romance,Fantasy,English,French,USA,APPROVED,1958,12,1,106
7.1Comedy,Drama,Romance,English,USA,R,1987,12,0,133
7Comedy,Romance,Sport,English,USA,R,1988,06,0,108
7.5Comedy,Drama,English,USA,R,1995,01,0,98
7.9Crime,Drama,Thriller,English,Spanish,USA,R,1993,11,0,144
7.6Comedy,Drama,English,USA,R,1993,09,1,102
7.5Comedy,Drama,English,USA,R,2011,12,1,115
7.2Drama,English,USA,PG_13,2001,01,1,136
7.3Comedy,Drama,English,USA,PG,1976,09,1,95
7.8Action,Comedy,Romance,Family,English,USA,unrated,1924,04,1,80
7.6Drama,English,American Sign Language,USA,unrated,1968,07,0,123
7.4Drama,English,USA,unrated,2001,09,1,89
7.7Fantasy,Comedy,Romance,English,USA,G,1941,08,0,94
7.2Comedy,Crime,Thriller,English,USA,R,1999,04,1,102
7.7Drama,Romance,English,USA,unrated,1959,04,0,125
7Biography,Drama,History,War,English,Tibetan,Mandarin,USA,PG_13,1997,12,0,134
7.6Action,Thriller,English,USA,R,1987,03,1,110
7.9Comedy,Romance,English,French,USA,unrated,1939,03,0,94
7.1Adventure,Drama,History,Mystery,English,USA,R,1990,02,1,136
7.2Comedy,Romance,English,USA,APPROVED,1948,06,1,94
7.4Comedy,Mystery,Thriller,Crime,English,USA,PG,1976,06,0,94
7.2Drama,English,USA,PG,1979,05,0,110
7.4Comedy,Drama,Romance,English,USA,PG,1937,11,1,77
7.4Crime,Drama,Mystery,Thriller,English,USA,R,2007,06,1,120
7.3Comedy,Drama,Romance,English,USA,APPROVED,1951,08,0,110
7Action,Comedy,Crime,Romance,Thriller,English,USA,R,1998,06,1,123
7.5Drama,English,USA,R,2007,03,1,124
7.1Drama,English,USA,PG,1992,10,1,123
7.1Comedy,Drama,Fantasy,Romance,English,French,German,USA,PG,1947,09,0,110
7.3Drama,English,USA,PG,1961,03,1,81
7.3Drama,War,Western,English,USA,APPROVED,1965,06,0,105
7.6Drama,Western,English,USA,PG,1976,08,1,100
7.8Crime,Drama,Thriller,English,USA,R,2002,07,1,117
7.4Documentary,Comedy,Drama,English,USA,PG_13,2004,05,1,100
7.5Adventure,Romance,Sci-Fi,Thriller,English,USA,G,1960,08,0,103
6.6Musical,Comedy,English,USA,PG,1986,10,1,90
7.2Drama,English,USA,R,1972,10,1,102
7.6Comedy,Romance,English,USA,G,1972,03,1,94
7.5Drama,English,USA,PG,2006,04,1,112
6.7Comedy,Drama,Romance,English,French,USA,PG_13,1995,11,1,114
7.3Biography,Crime,Drama,English,USA,R,2007,12,1,97
7.9Animation,Adventure,Comedy,Family,Fantasy,Musical,Romance,English,USA,G,1992,11,0,90
8Animation,Family,Fantasy,Musical,Romance,English,French,USA,G,1991,11,1,84
7.3Thriller,English,USA,PG,1979,03,1,122
6.8Action,Drama,Thriller,English,USA,PG_13,1994,08,0,141
7.2Comedy,Crime,English,USA,PG,1988,12,0,110
7.3Documentary,Comedy,English,USA,R,1987,12,1,93
7Comedy,Drama,Romance,English,USA,APPROVED,1932,01,1,72
7.6Horror,English,USA,unrated,1983,04,1,85
7.2Biography,Drama,Romance,English,USA,R,1983,02,0,140
7.6Crime,Drama,Horror,Mystery,Thriller,English,USA,APPROVED,1939,03,1,80
6.9Comedy,Musical,Romance,English,USA,APPROVED,1956,07,0,111
7.3Comedy,Romance,English,USA,APPROVED,1940,08,1,99
7.1Comedy,Romance,English,USA,R,2009,03,1,105
7.5Drama,Horror,Mystery,English,USA,R,1990,11,1,113
7.5War,Drama,English,USA,APPROVED,1965,10,0,134
8.1Drama,History,Romance,War,English,USA,unrated,1928,09,0,88
7.6Drama,Romance,English,Russian,USA,R,1995,10,1,111
7.3Comedy,Romance,Drama,English,French,USA,APPROVED,1957,06,1,130
7.6Comedy,Romance,English,USA,APPROVED,1942,01,1,112
7.5Drama,English,USA,PG_13,1956,01,0,119
7.2Comedy,Romance,English,USA,G,1971,07,0,102
7.2Comedy,Drama,Music,English,USA,PG_13,2003,05,1,91
7.8Drama,Film-Noir,English,USA,APPROVED,1947,10,0,110
7.1Drama,English,USA,R,1992,12,1,135
7.4Crime,Drama,Thriller,English,USA,APPROVED,1967,08,0,92
7.5Animation,Adventure,Comedy,Family,Romance,English,USA,G,1973,12,0,83
7.7Comedy,Fantasy,Romance,English,USA,PG,1985,05,0,82
7.6Comedy,Drama,Family,Sport,English,USA,PG,1993,04,0,101
7.1Comedy,Romance,Sci-Fi,English,USA,R,2012,10,0,86
7.5Drama,English,Spanish,USA,PG_13,2008,12,1,123
7.1Biography,Drama,Thriller,English,USA,R,1983,12,0,131
7.7Action,Adventure,Sci-Fi,Thriller,English,USA,PG,1982,06,1,113
7.5Action,Adventure,Sci-Fi,Thriller,English,USA,PG_13,1996,11,1,111
7.2Comedy,Drama,Music,English,USA,PG_13,2000,01,0,95
7.6Crime,Film-Noir,Romance,English,USA,APPROVED,1949,11,1,95
7.4Comedy,Drama,Romance,English,USA,unrated,1966,09,1,118
7Adventure,Crime,Thriller,English,French,Turkish,German,Greek,Italian,USA,unrated,1964,09,0,120
7.2Drama,History,Thriller,English,Russian,Spanish,Romanian,USA,PG_13,2001,01,1,145
7Drama,English,USA,R,1997,07,1,113
7.5Crime,Drama,English,Italian,Spanish,USA,unrated,1957,01,1,105
7.3Animation,Action,Adventure,Sci-Fi,English,Japanese,USA,PG_13,2003,06,0,102
7.6Drama,Fantasy,English,USA,PG_13,2012,07,0,93
7.4Crime,Drama,English,USA,R,1978,02,1,114
6.2Drama,War,Horror,English,USA,R,1986,05,0,85
7.4Crime,Drama,Film-Noir,Mystery,English,USA,unrated,1947,07,0,86
7.6War,Drama,English,German,USA,PG,1938,12,1,103
7.2Crime,Drama,Romance,English,Italian,French,USA,R,2002,03,1,99
7.6Action,Adventure,Drama,Thriller,War,English,USA,APPROVED,1958,01,0,98
7.1Comedy,Romance,English,USA,PG_13,2010,09,1,92
7.6Drama,English,USA,R,2012,11,1,138
7.1Biography,Drama,Music,Romance,English,USA,APPROVED,1954,01,1,115
7.2Comedy,Drama,War,English,USA,R,1988,01,1,121
7.3Drama,History,Sport,English,USA,PG,2005,09,1,120
7.2Crime,Drama,English,USA,R,2006,05,1,104
7.4Action,Adventure,Drama,War,English,Japanese,USA,APPROVED,1957,03,0,108
7.6Action,Adventure,English,Sinhala,USA,PG,1984,05,0,118
7.8Drama,War,English,USA,PG,1972,03,0,111
7Comedy,Drama,English,USA,R,2006,02,0,106
7.7Western,English,USA,unrated,1954,05,0,110
7.4Western,English,USA,APPROVED,1955,08,0,104
7Drama,Romance,War,English,German,Yiddish,USA,R,1996,11,1,114
6.5Comedy,Drama,Romance,English,USA,R,1998,08,1,104
7.2Comedy,Drama,English,USA,R,1995,01,1,110
7.1Drama,English,Spanish,USA,PG_13,2007,04,0,108
6.8Crime,Drama,Mystery,Thriller,English,USA,R,1990,07,1,127
7.5Drama,History,English,USA,PG_13,1994,09,0,133
7.1Biography,Drama,English,German,USA,PG_13,1989,08,1,102
7.6Action,Drama,Sci-Fi,Thriller,English,Sign Languages,USA,PG_13,2011,08,1,105
6.9Comedy,Drama,English,USA,R,1991,07,1,97
6.7Drama,English,USA,PG_13,1996,08,1,117
7.4Drama,Film-Noir,English,USA,unrated,1946,07,0,116
6.8Comedy,War,English,Russian,Polish,USA,R,1981,06,1,106
7.9Drama,English,USA,PG_13,1970,08,0,129
7.6Drama,War,Romance,English,USA,APPROVED,1940,05,1,108
7.6Comedy,Musical,Romance,English,USA,unrated,1933,03,1,89
7.6Adventure,Drama,Sci-Fi,Thriller,English,USA,PG_13,1989,08,0,139
7.3Drama,English,USA,PG,1988,11,1,81
7.1Drama,Sci-Fi,English,USA,PG,1968,09,0,103
7.3Drama,Music,English,USA,unrated,1955,05,0,104
6.2Comedy,Drama,English,USA,R,2011,07,0,90
7.3Musical,Romance,English,French,Italian,USA,APPROVED,1948,07,0,107
8Biography,Comedy,Drama,English,USA,R,1994,09,0,127
7.4Drama,Sport,English,Spanish,USA,PG,1972,07,0,100
7.1Comedy,Drama,Romance,English,USA,PG_13,2011,01,1,101
7.2Drama,English,USA,R,2011,10,1,101
7.3Crime,Drama,English,USA,R,1977,10,1,135
8Adventure,Family,Sci-Fi,English,Spanish,USA,PG_13,1993,06,1,127
7.3Comedy,Drama,Mystery,English,USA,PG,1993,08,0,104
7.3Comedy,Crime,Drama,Thriller,English,USA,PG_13,2003,09,1,116
7.2Crime,Mystery,Thriller,English,USA,R,1975,09,1,100
7.3Comedy,Sci-Fi,English,USA,PG_13,1996,04,1,73
7.7Action,Mystery,Sci-Fi,Thriller,English,Swedish,USA,PG_13,2002,06,1,145
7.2Drama,Romance,English,USA,PG,1996,01,1,115
7.2Drama,Romance,English,USA,PG,1956,02,0,115
7.6Drama,Romance,Fantasy,Mystery,English,USA,PG,1949,04,1,86
6.8Comedy,Romance,Sci-Fi,English,USA,PG,1985,08,0,108
7.1Drama,Fantasy,English,USA,PG,1980,09,1,103
7.2Drama,English,German,USA,R,2009,02,0,124
7.2Drama,Mystery,Romance,English,USA,R,2000,05,1,97
7Sci-Fi,Thriller,English,USA,PG,1983,06,1,114
6.9Drama,Family,Romance,English,USA,G,1991,05,1,88
7Biography,Drama,Sport,English,Finnish,German,USA,PG_13,1998,09,1,117
7.5Western,English,USA,APPROVED,1956,08,1,78
7.4Documentary,English,Mandarin,USA,R,2012,06,0,91
6.4Comedy,Romance,Western,English,USA,APPROVED,1945,07,0,90
7.2Sci-Fi,Thriller,English,USA,G,1971,03,1,131
7.8Action,Adventure,Drama,War,English,Arabic,USA,PG,1939,09,1,112
7.1Comedy,Drama,English,USA,PG,1972,08,0,110
7.4Biography,Drama,Music,English,USA,PG,1980,03,1,125
6.6Comedy,Romance,English,French,Hebrew,Yiddish,USA,PG,1988,09,1,97
7Biography,Drama,Romance,English,USA,R,1998,02,1,111
7.3Sci-Fi,Thriller,English,Russian,USA,R,1983,10,1,103
6.9Comedy,Crime,Mystery,Thriller,English,USA,PG,1982,03,1,116
6.5Drama,English,USA,R,2005,03,1,104
6.8Comedy,Drama,Fantasy,Romance,English,USA,PG_13,1998,07,1,121
6.6Comedy,Drama,English,USA,PG_13,1996,03,1,109
7.5Crime,Thriller,Drama,English,USA,R,1973,06,0,102
7.5Action,Crime,Thriller,English,Spanish,USA,PG,1972,12,0,122
6.9Comedy,English,USA,R,2006,01,1,94
7.2Comedy,Sci-Fi,Romance,English,USA,R,2001,09,0,110
5.3Comedy,Drama,English,USA,R,2012,11,1,99
7.5Documentary,English,Mandarin,USA,PG,2008,11,1,85
7.5Drama,Family,English,USA,G,1954,12,0,80
7.4Action,Adventure,Drama,War,English,French,Portuguese,USA,PG_13,2003,11,1,138
7.1Drama,English,USA,PG_13,2012,06,1,114
7.1Comedy,English,USA,R,2003,02,1,91
7.3Action,Horror,Sci-Fi,English,USA,unrated,2007,06,0,105
7.8Biography,Drama,History,Romance,English,Spanish,USA,APPROVED,1934,02,1,99
7Crime,Drama,English,USA,R,1987,05,1,99
7.7Action,Adventure,Romance,English,USA,G,1940,07,0,127
7.5Adventure,Drama,Romance,English,French,Cantonese,German,USA,PG_13,1932,02,1,80
7.3Drama,History,Sport,English,USA,PG_13,2003,07,1,140
6.8Drama,English,USA,R,1982,02,1,124
7.5Drama,Romance,War,English,Yiddish,USA,G,1944,07,0,130
7.6Drama,English,German,USA,PG,1948,11,1,108
7.4Comedy,Western,English,USA,G,1969,03,0,92
7.3Documentary,Family,Musical,English,USA,G,1976,05,0,133
7.2Comedy,Mystery,Thriller,English,USA,PG,1955,10,0,99
7.2Crime,Thriller,English,Spanish,USA,R,1990,08,1,125
7.3Drama,English,USA,R,2005,01,1,87
7.6Drama,Thriller,Western,English,USA,APPROVED,1957,09,1,92
6.1Crime,Drama,Thriller,English,USA,R,1997,09,0,100
7.2Biography,Drama,Romance,English,Japanese,USA,PG_13,2003,01,1,120
7.8Action,Adventure,Drama,Maya,USA,R,2006,12,1,139
7Comedy,Drama,English,USA,R,1974,08,0,108
6.9Comedy,Drama,English,USA,R,1996,12,1,106
7.3Action,Adventure,Comedy,English,USA,APPROVED,1952,09,1,105
7.2Drama,English,USA,PG,1974,02,1,100
7.6Action,Adventure,Drama,Western,English,Spanish,USA,APPROVED,1967,06,0,126
7.5Drama,Family,Fantasy,Sport,English,USA,PG,1989,04,1,107
6.7Comedy,Musical,Romance,English,Portuguese,USA,APPROVED,1943,12,1,103
7.1Biography,Drama,Sport,English,USA,PG_13,2011,10,0,108
6.9Action,Crime,Drama,Thriller,Western,English,USA,APPROVED,1968,08,1,114
6.9Comedy,Drama,Romance,English,French,Latin,Arabic,USA,APPROVED,1953,11,0,95
7.6Animation,Adventure,Family,Musical,English,USA,APPROVED,1967,12,0,78
7.8Comedy,Drama,Family,Romance,English,USA,unrated,1927,01,0,82
7.6Drama,Thriller,English,USA,PG_13,1945,12,0,110
7Crime,Drama,Mystery,Thriller,English,USA,R,1999,08,0,89
6.9Action,Crime,Drama,Thriller,Spanish,USA,R,1993,02,1,81
6.7Comedy,Fantasy,Drama,English,Spanish,USA,R,1988,03,1,117
7Comedy,Romance,Drama,English,Italian,USA,PG,1987,12,1,102
7Drama,English,USA,R,1993,06,1,98
7.4Crime,Drama,English,USA,unrated,1964,10,0,90
7.3Animation,Adventure,Family,Musical,English,Mandarin,USA,G,1998,06,1,88
7Drama,Horror,Thriller,English,USA,R,1987,10,1,94
7.6Crime,Drama,Romance,English,USA,unrated,1936,02,1,82
7.1Biography,Drama,English,USA,PG_13,2007,06,1,99
7.2Drama,English,USA,R,1973,05,1,112
7.6Drama,Mystery,English,USA,unrated,1963,09,0,101
7.1Animation,Crime,Drama,Sci-Fi,English,USA,R,2006,08,1,100
6.9Drama,English,USA,R,1998,10,0,100
7Comedy,Crime,Drama,Mystery,Thriller,English,Russian,Chinese,USA,PG_13,1992,09,0,126
7.3Romance,Comedy,Drama,English,USA,PG,1983,12,1,132
7.3Drama,Thriller,Crime,English,USA,R,1979,10,1,119
7.2Action,Comedy,Crime,English,USA,R,2012,03,1,109
7.3Biography,Drama,History,English,USA,APPROVED,1940,04,1,110
7.6Comedy,Drama,English,USA,APPROVED,1964,04,1,102
7.2Adventure,Family,Sport,English,Arabic,Italian,USA,G,1979,10,0,118
7Comedy,Drama,English,USA,R,1998,02,1,110
7.3Comedy,Crime,Drama,Romance,English,USA,R,1998,06,1,110
7.4Comedy,Drama,Romance,English,USA,R,1997,04,1,113
7.5Comedy,Romance,English,USA,APPROVED,1940,10,1,67
7.5Comedy,English,USA,R,2006,07,1,97
7.2Adventure,Comedy,Drama,Western,English,Spanish,USA,PG,1972,01,0,131
6.8Comedy,Drama,English,USA,PG_13,1999,04,1,118
7.1Action,Drama,History,Thriller,War,English,German,Russian,USA,R,2009,01,1,137
6.9Comedy,Crime,Horror,English,USA,X,1984,03,0,89
7.3Comedy,Romance,English,Japanese,USA,PG,1978,02,0,111
6.8Comedy,English,USA,R,1987,03,1,78
7.4Crime,Drama,Music,Romance,English,USA,R,2005,07,1,116
7.3Crime,Drama,Mystery,Thriller,English,USA,R,2007,09,1,121
7.2Comedy,Drama,Romance,Sport,English,American Sign Language,USA,R,1996,12,1,139
7.3Comedy,Crime,English,USA,APPROVED,1942,05,1,95
7.3Comedy,Drama,Romance,English,French,USA,G,1939,04,1,88
7.2Comedy,Romance,English,USA,APPROVED,1962,03,1,107
6.9Comedy,Drama,English,USA,R,1980,09,1,95
7.8Comedy,Romance,War,English,USA,unrated,1944,01,0,98
7.7Film-Noir,Thriller,English,USA,APPROVED,1952,05,1,71
7.2Comedy,Romance,War,English,USA,APPROVED,1959,12,1,124
6.4Comedy,English,USA,R,1998,05,1,105
6.9Comedy,Documentary,English,USA,R,1983,10,1,83
7Action,Comedy,Thriller,English,Russian,USA,PG_13,2010,10,1,111
7.2Comedy,Drama,Music,English,USA,R,1999,04,1,97
7.3Drama,English,USA,unrated,1986,01,0,90
7.3Western,English,USA,unrated,1949,10,1,103
7.1Comedy,Romance,English,USA,PG,1984,05,1,93
7.3Animation,Family,Music,English,USA,APPROVED,1946,12,0,94
7Drama,Music,English,USA,PG_13,2001,03,0,109
7.2Action,Crime,Drama,Thriller,English,USA,R,1981,03,1,122
6.9Comedy,Crime,Drama,English,Italian,USA,PG,1988,10,1,100
7.2Action,Biography,Drama,Romance,War,English,USA,APPROVED,1955,10,0,106
7.3Adventure,Western,Drama,English,USA,PG_13,1969,06,0,128
7.1Action,Adventure,War,English,German,Italian,USA,unrated,1965,06,0,117
6.9Drama,Sport,English,USA,PG_13,2009,10,1,111
7.4Thriller,Film-Noir,Drama,English,German,USA,APPROVED,1948,12,0,82
7.4Animation,Adventure,Family,Fantasy,Musical,English,USA,G,1951,07,1,75
7.3Drama,Film-Noir,Crime,English,Japanese,USA,APPROVED,1952,12,0,91
7.3Action,Adventure,Fantasy,English,USA,PG_13,2012,07,0,136
7.4Drama,Music,English,USA,PG,2007,11,0,114
7.2Comedy,Drama,Fantasy,Romance,English,USA,PG,1988,06,1,104
7.1Biography,Drama,English,Hebrew,USA,G,1938,09,1,96
7.4Documentary,English,Russian,Spanish,USA,R,2009,10,1,127
7.2Animation,Adventure,Comedy,Family,English,USA,G,1998,11,0,95
7.1Drama,Sci-Fi,Thriller,English,USA,PG_13,2012,02,1,84
7.5Drama,English,USA,PG_13,1995,04,1,97
6.9Mystery,Sci-Fi,Thriller,English,USA,R,2003,01,1,95
6.9Comedy,Drama,English,USA,R,2002,05,1,104
7.3Adventure,Comedy,Fantasy,English,USA,R,1999,11,1,130
6.9Romance,Comedy,Musical,English,USA,unrated,1957,02,0,103
7.2Comedy,Western,English,USA,unrated,1925,11,1,68
7Crime,Drama,English,Spanish,USA,R,2006,10,1,100
7.3Western,English,USA,APPROVED,1967,03,0,111
7.2Crime,Drama,Film-Noir,Mystery,Romance,Thriller,English,USA,APPROVED,1941,10,1,82
7.5Animation,Adventure,Comedy,Family,English,Croatian,USA,PG,2002,03,1,81
7.3Biography,Drama,History,Sport,English,Afrikaans,Maori,Zulu,Xhosa,Sotho,USA,PG_13,2009,12,1,134
7.1Comedy,English,USA,R,1979,12,1,104
7.4Documentary,Biography,English,USA,R,2003,02,1,93
7.2Comedy,Drama,Romance,English,USA,R,2007,06,1,129
6.5Drama,English,USA,R,2012,11,1,105
7Comedy,Drama,Family,Musical,English,Hindi,USA,G,1939,03,1,93
7.3Drama,Family,Romance,English,German,USA,unrated,1933,11,1,115
7.5Comedy,Romance,English,USA,APPROVED,1943,03,0,100
7.5Comedy,English,USA,APPROVED,1935,08,1,66
7.1Drama,English,USA,R,2005,01,1,119
7.4Crime,Drama,English,USA,R,1993,05,0,97
7.1Drama,Romance,English,Japanese,USA,PG_13,2005,12,1,145
6.9Biography,Drama,English,USA,R,2000,11,1,129
7.3Comedy,English,Arabic,USA,APPROVED,1936,10,1,73
7Comedy,Drama,English,Mandarin,USA,PG_13,2004,02,0,80
7Comedy,English,USA,PG,1979,03,1,99
7.3Drama,Film-Noir,English,USA,APPROVED,1949,12,0,82
7.9Action,Adventure,Sci-Fi,English,Spanish,USA,R,1987,06,1,107
7.3Adventure,Drama,English,USA,R,2009,12,0,111
7.2Comedy,Fantasy,Romance,English,French,USA,R,2012,09,0,104
7.2Drama,War,English,USA,APPROVED,1944,07,0,112
7Drama,English,USA,PG_13,2008,10,1,114
7.8Animation,Comedy,Musical,English,USA,R,1999,06,0,81
7.4Horror,Thriller,English,USA,PG,1968,08,0,90
7Mystery,Comedy,Romance,English,USA,G,1972,02,0,98
7.9Drama,English,USA,PG,1945,08,0,129
7.3Drama,Mystery,English,USA,G,1928,11,1,65
7.1Family,Fantasy,Action,Adventure,English,USA,G,1958,12,0,88
7.1Romance,Sci-Fi,Thriller,English,USA,PG_13,2011,03,1,106
7.5Drama,Romance,English,French,USA,PG,1933,07,1,71
7.2Comedy,Drama,Western,English,USA,APPROVED,1966,07,1,95
7.1Biography,Crime,Drama,Thriller,English,Russian,Arabic,Latin,USA,PG_13,2007,02,1,110
7.1Biography,Drama,Music,English,USA,PG,1978,11,1,114
7.4Comedy,English,USA,PG_13,1989,12,1,97
7.6Adventure,Drama,English,Russian,USA,PG_13,2000,12,1,143
7.7Drama,English,USA,APPROVED,1952,12,0,99
6.7Comedy,Romance,English,Spanish,USA,PG_13,1993,05,1,110
6Action,Drama,English,USA,R,1987,11,0,88
7.1Comedy,Drama,Fantasy,English,Japanese,USA,PG,1991,03,1,112
7.7Comedy,Romance,English,USA,APPROVED,1941,04,1,92
6.3Comedy,Drama,Romance,English,USA,unrated,2000,04,0,99
7.3Fantasy,Horror,Sci-Fi,English,USA,unrated,1978,12,1,85
7.2Comedy,Family,Fantasy,Musical,Romance,English,USA,PG,2007,11,0,107
7.4Comedy,Romance,English,USA,APPROVED,1966,10,0,125
6.9Comedy,Musical,Romance,English,French,USA,G,1958,08,0,115
7.7Adventure,Comedy,Family,English,Spanish,Cantonese,Italian,USA,PG_13,1985,06,1,114
7.1Biography,Comedy,Drama,Musical,English,USA,APPROVED,1962,11,0,143
6.7Comedy,History,Musical,English,Latin,French,USA,R,1981,06,1,92
7.2Crime,Drama,Film-Noir,Horror,English,USA,APPROVED,1950,03,1,88
7.1Comedy,Musical,English,USA,APPROVED,1967,03,0,121
7.6Drama,English,USA,APPROVED,1950,11,0,87
7.1Action,Adventure,Sci-Fi,English,French,Russian,USA,PG_13,2010,05,1,124
6.2Comedy,Drama,English,USA,R,1995,08,1,92
7.1Comedy,Drama,English,USA,R,2010,07,1,106
6.6Comedy,Drama,Fantasy,Romance,English,USA,PG_13,1991,02,1,95
6.8Biography,Drama,Music,Romance,English,USA,R,1972,10,0,144
7.1Crime,Drama,Thriller,English,USA,R,2007,03,1,99
7.1Comedy,Drama,English,USA,PG_13,1998,10,1,100
7.3Drama,Romance,Western,English,USA,APPROVED,1961,02,0,124
7.4Adventure,Drama,English,USA,unrated,1956,06,0,116
8Horror,Sci-Fi,English,USA,unrated,1968,10,0,96
7Drama,Romance,English,USA,APPROVED,1934,10,0,80
7.1Crime,Drama,English,USA,PG,1983,03,1,91
7.5Action,Romance,Western,English,USA,R,2003,08,1,139
6.9Action,Crime,Drama,Thriller,English,USA,R,1992,06,1,117
6.7Comedy,English,USA,R,1981,05,1,86
7.7Adventure,Drama,Romance,English,USA,APPROVED,1937,09,1,101
7Biography,Drama,English,USA,R,2001,05,1,122
6.9Crime,Drama,Thriller,English,USA,PG_13,1997,11,1,135
7.6Adventure,Drama,Romance,Western,English,Chinese,USA,APPROVED,1962,07,1,94
7Drama,Thriller,English,French,Italian,USA,PG_13,2003,10,1,127
7.2Comedy,Drama,English,German,Cantonese,USA,R,2008,01,0,114
7.3Animation,Adventure,Comedy,Family,Fantasy,English,USA,PG,2004,05,0,93
6.8Comedy,Drama,Romance,English,USA,PG_13,1985,03,1,100
7.2Drama,English,USA,R,2002,07,1,86
7.8Drama,Film-Noir,Thriller,English,Italian,USA,APPROVED,1949,10,0,94
7.3Documentary,History,English,USA,unrated,2003,09,1,104
7Drama,English,German,Italian,USA,R,2002,03,1,104
7.2Adventure,Comedy,Drama,Romance,Sci-Fi,Thriller,English,USA,PG,1979,08,1,112
6.5Comedy,Music,Romance,English,USA,R,1999,07,1,89
7.1Comedy,Drama,Romance,English,USA,PG_13,2007,05,1,108
6.6Comedy,English,USA,PG_13,1972,01,0,82
6.9Drama,Romance,English,USA,R,1970,02,0,110
6.5Comedy,Fantasy,Romance,English,USA,PG,1984,09,1,93
6.9Drama,Romance,Thriller,English,Spanish,USA,PG,1981,12,1,116
7.4Biography,Drama,English,USA,R,2005,03,0,108
7.4Drama,English,USA,APPROVED,1955,03,1,101
7.2Animation,Comedy,Drama,Family,English,USA,G,1969,12,0,86
7.3Animation,Action,Adventure,Comedy,Family,Fantasy,English,USA,PG,2012,06,0,93
7.4Adventure,Comedy,Drama,English,USA,PG_13,2008,01,1,97
6.8Comedy,Musical,Western,English,USA,APPROVED,1965,06,0,97
7Comedy,Drama,Romance,English,USA,R,2008,02,1,97
7.2Biography,Drama,English,USA,R,2000,03,1,131
7.6Comedy,Drama,Romance,English,USA,PG,2010,10,1,90
6.9Comedy,English,USA,PG,1931,04,1,101
7.2Crime,Drama,Thriller,English,USA,APPROVED,1935,05,1,85
7.8Drama,Western,English,USA,unrated,1950,08,0,85
7Comedy,Romance,English,French,USA,APPROVED,1935,10,1,80
7.5Drama,Film-Noir,Sport,Thriller,Spanish,English,USA,PG,1956,07,0,109
7.5Drama,Romance,English,Spanish,USA,unrated,1941,09,1,116
7.1Comedy,Drama,English,USA,APPROVED,1972,08,0,103
7.3Horror,Sci-Fi,English,USA,PG,1978,12,0,115
7Biography,Drama,Sport,English,USA,PG,2006,08,1,105
6.4Crime,Thriller,Mystery,Romance,English,USA,R,1985,10,1,108
7Biography,Drama,Romance,English,French,USA,PG_13,2009,08,1,123
7.1Drama,English,USA,unrated,2002,11,1,97
7.8Comedy,Drama,English,USA,PG_13,1984,08,1,141
7.1Action,Mystery,Thriller,English,USA,R,1973,12,0,124
7Crime,Drama,Romance,English,USA,APPROVED,1934,05,1,93
6.9Comedy,Drama,English,USA,R,1996,07,1,88
7.1Drama,Thriller,English,USA,R,2011,09,0,107
7.2Drama,Romance,War,English,Spanish,USA,R,2010,02,1,113
7Drama,English,USA,PG,1991,12,0,112
7.1Comedy,Romance,English,USA,APPROVED,1943,05,1,100
7.5Comedy,Drama,Family,Fantasy,Music,Musical,English,USA,G,1992,12,1,85
7.9Comedy,Romance,English,USA,G,1943,10,1,104
7.9Drama,English,USA,PG_13,1978,04,0,144
6.8Drama,English,Spanish,American Sign Language,USA,R,2005,09,1,115
8Action,Mystery,Sci-Fi,English,USA,G,1968,04,0,112
7.4Action,Adventure,Western,English,Spanish,USA,PG_13,1966,11,0,117
7.1Animation,Family,Fantasy,Musical,Romance,English,French,USA,G,2009,12,1,97
7.2Romance,Western,English,USA,APPROVED,1950,11,0,105
6.6Comedy,Drama,English,USA,R,2007,09,1,101
7.3Animation,Family,Fantasy,Musical,Romance,English,USA,G,1959,02,1,75
7.8Animation,Family,Fantasy,Musical,Romance,English,USA,G,1938,02,1,83
7.2Biography,Drama,English,USA,R,1993,04,1,115
7.3Documentary,Biography,Music,English,USA,PG_13,2006,12,0,99
6.8Drama,Romance,English,USA,PG_13,1996,11,1,120
7.4Action,Crime,Drama,Film-Noir,English,USA,APPROVED,1953,10,1,83
7.4Action,Adventure,Sci-Fi,English,USA,PG_13,2000,07,1,104
7.1Biography,Crime,Drama,Sport,English,USA,R,1995,04,1,102
7.3Action,Comedy,English,USA,R,2010,01,0,84
7.1Comedy,Drama,Crime,Romance,English,USA,APPROVED,1931,12,0,79
7.2Comedy,Drama,English,USA,PG,1983,05,0,109
7.3Crime,Film-Noir,Drama,English,USA,APPROVED,1954,03,1,73
6.8Biography,Drama,Romance,English,USA,PG,1983,10,0,127
7.2Drama,Mystery,Thriller,English,USA,R,1995,03,1,132
7.7Comedy,Romance,English,USA,APPROVED,1937,07,1,88
6.6Comedy,Mystery,Thriller,English,USA,PG,1978,07,1,116
6.9Comedy,Crime,Thriller,English,USA,R,1995,10,1,105
7.5Documentary,History,War,English,Arabic,USA,R,2004,06,1,122
7.2Adventure,Comedy,Sci-Fi,English,USA,PG,1999,12,1,102
7.5Drama,English,German,USA,APPROVED,1933,06,1,76
7Adventure,War,Western,English,USA,APPROVED,1959,06,1,115
7.4Film-Noir,Drama,English,Italian,USA,APPROVED,1949,07,1,101
7Comedy,Romance,War,English,German,French,USA,APPROVED,1949,08,1,105
7.4Drama,English,USA,PG_13,2002,01,1,132
6.9Comedy,Drama,English,USA,R,2003,05,0,98
7.3Mystery,Thriller,English,USA,R,2003,04,1,90
6.9Biography,Drama,History,Romance,English,Spanish,USA,APPROVED,1939,06,1,125
7.4Animation,Family,Music,Romance,English,USA,APPROVED,1955,06,0,76
7.1Comedy,Drama,Romance,English,USA,R,2004,07,0,107
7.3Animation,Action,Adventure,Comedy,Family,English,USA,PG,2011,05,0,91
7.3Romance,Horror,English,USA,APPROVED,1935,07,1,68
7.1Comedy,Romance,English,USA,unrated,1995,10,1,94
7.7Crime,Drama,Film-Noir,Mystery,Thriller,English,USA,unrated,1948,03,0,96
7.2Drama,English,USA,R,2005,10,1,126
6.9Drama,Romance,English,USA,PG_13,2007,12,1,126
6.8Comedy,Crime,Drama,Romance,English,USA,R,1985,06,1,130
6.7Comedy,Crime,English,USA,R,1990,07,1,89
6.8Comedy,Drama,English,USA,PG_13,1989,08,0,124
6.9Comedy,War,English,Russian,USA,unrated,1966,05,0,126
7.1Crime,Drama,Mystery,Thriller,English,USA,R,2002,06,1,103
6.5Comedy,Thriller,English,USA,R,2001,05,1,86
7.1Action,Drama,Mystery,Thriller,English,USA,R,2007,05,1,124
6.9Drama,Fantasy,English,USA,R,2006,11,1,81
7.3Action,Adventure,Fantasy,English,USA,PG_13,2002,08,0,121
7Drama,Thriller,English,Urdu,Arabic,Persian,French,Mandarin,USA,R,2005,12,1,128
7.1Drama,English,USA,R,2000,03,0,111
7.5Documentary,Sport,English,USA,R,2009,03,1,90
7.2Crime,Drama,Romance,English,USA,G,1925,08,1,86
7.4Drama,Horror,English,USA,PG,1941,12,1,70
7.2Comedy,Musical,Fantasy,English,French,USA,APPROVED,1945,10,0,98
7Drama,Mystery,Thriller,English,USA,R,1999,01,1,114
7.3Comedy,Romance,English,Spanish,USA,R,2005,08,1,116
7.4Drama,Romance,English,French,USA,APPROVED,1940,07,1,141
7.3Comedy,Drama,War,English,USA,APPROVED,1964,10,0,115
7.1Drama,History,English,French,USA,unrated,1956,12,0,105
7Comedy,Fantasy,Musical,Romance,English,Spanish,USA,unrated,1945,08,0,143
7.3Comedy,Drama,Romance,Western,English,USA,R,1970,05,0,121
6.9Comedy,Romance,English,USA,APPROVED,1967,05,0,106
6.2Biography,Drama,History,English,Korean,USA,APPROVED,1957,03,1,108
7.3Crime,Film-Noir,Drama,English,USA,APPROVED,1947,04,0,88
7.7Crime,Drama,Thriller,English,USA,APPROVED,1947,06,0,98
7.6Drama,English,Italian,Yiddish,USA,APPROVED,1933,12,0,82
7.1Drama,Film-Noir,Mystery,Thriller,English,USA,APPROVED,1947,01,0,100
6.7Comedy,Drama,Romance,English,USA,R,2008,10,1,95
7.1Action,Thriller,English,USA,unrated,2007,05,0,114
6.1Biography,Drama,English,USA,PG_13,1996,09,1,112
7.5Comedy,Drama,Romance,English,German,USA,APPROVED,1948,08,1,116
7.3Comedy,Drama,Music,Musical,English,USA,G,1944,10,0,126
7.1Drama,War,English,German,USA,R,2001,11,1,108
7.2Family,Drama,English,USA,APPROVED,1961,07,0,87
7.1Comedy,Drama,Sport,English,USA,PG,2006,01,1,118
6.9Action,Crime,Horror,Sci-Fi,English,USA,R,1987,10,0,96
7.5Drama,Horror,Thriller,English,USA,unrated,1964,12,0,133
7.1Action,Crime,Drama,Thriller,English,USA,R,2012,05,1,106
6.8Adventure,Comedy,Drama,Fantasy,Romance,English,USA,PG_13,1985,04,1,121
7.3Crime,Drama,Thriller,English,USA,R,2009,10,1,109
7.2Comedy,Family,Fantasy,Musical,English,USA,APPROVED,1934,12,1,77
5.5Action,Crime,Thriller,English,USA,R,1997,11,1,104
7.3Crime,Drama,English,USA,R,2004,09,0,90
7.3Comedy,Drama,English,Croatian,USA,PG_13,2009,06,1,109
7.2Animation,Adventure,Comedy,Family,Fantasy,Horror,English,USA,PG,2012,08,1,92
7.4Comedy,Music,Romance,English,USA,PG_13,2012,10,1,112
7Action,Comedy,Crime,English,Cantonese,Korean,USA,R,2008,08,0,111
7.5Comedy,Drama,English,USA,R,1987,11,0,93
6.8Comedy,Crime,Sci-Fi,English,Spanish,USA,R,1984,03,1,92
6.6Drama,Romance,English,Italian,USA,PG,2000,04,1,115
7.5Animation,Adventure,Family,Fantasy,English,USA,PG,2012,11,0,97
6.6Drama,Romance,English,USA,PG_13,2011,04,0,91
7.1Drama,English,USA,R,1983,10,1,94
7.5Action,Drama,War,English,German,Italian,USA,APPROVED,1943,11,0,97
7.1Comedy,Drama,English,German,USA,R,2003,03,0,106
7.3Crime,Drama,Film-Noir,Romance,Thriller,English,USA,APPROVED,1952,01,0,82
7.3Western,Crime,English,USA,APPROVED,1960,05,0,111
6.2Drama,English,USA,PG,2009,09,1,96
7.9Documentary,English,USA,unrated,2012,12,1,99
6.9Biography,Drama,Sport,English,USA,PG,2011,04,1,106
7.2Comedy,Drama,Romance,English,USA,APPROVED,1935,09,1,81
6.8Documentary,History,English,USA,unrated,2010,06,0,80
7.2Comedy,Drama,English,USA,PG,1971,04,1,103
7.4Comedy,Drama,Music,English,USA,R,1971,05,1,93
6.9Drama,Yiddish,USA,APPROVED,1939,12,0,93
7.1Crime,Drama,Romance,English,USA,R,1974,02,0,123
7Crime,Drama,Romance,Thriller,English,USA,PG,1968,06,0,102
7.1Crime,Drama,Romance,English,USA,R,2005,03,1,108
7.1Drama,Thriller,English,USA,R,2011,07,1,97
7Comedy,Drama,Romance,English,USA,APPROVED,1936,02,1,88
6.2Adventure,Drama,Romance,English,USA,APPROVED,1953,11,1,95
7.2Drama,English,USA,R,1996,12,1,97
7.4Documentary,History,Music,English,USA,unrated,1992,03,0,117
7.3Documentary,Biography,Sport,English,USA,R,2000,03,1,102
6.5Action,Comedy,Crime,Mystery,Romance,Thriller,English,USA,R,1987,08,1,102
7.5Drama,English,USA,unrated,1956,08,0,95
7.1Animation,Adventure,Comedy,Family,English,USA,PG,2008,12,1,96
7.2Drama,English,USA,APPROVED,1965,10,1,102
7.7War,Drama,Action,English,German,French,USA,unrated,1930,08,0,108
6.9Crime,Drama,History,English,USA,PG_13,2011,04,1,122
7.9Documentary,Biography,English,USA,unrated,1981,01,0,88
7Action,Biography,Drama,History,War,English,USA,APPROVED,1951,10,0,88
7.7Drama,English,USA,unrated,2012,02,0,97
6.6Comedy,Romance,English,USA,G,1930,12,1,72
7.3Drama,Music,War,English,USA,APPROVED,1931,04,1,91
6.2Drama,English,USA,R,2007,08,0,88
6.7Comedy,Drama,Romance,English,USA,R,1989,12,0,119
7.3Animation,Adventure,Comedy,Family,Fantasy,English,USA,G,2000,12,1,78
7.6Western,English,Spanish,USA,APPROVED,1948,06,0,125
7.1Comedy,Drama,English,USA,R,1995,04,0,91
7.2Documentary,English,USA,unrated,2009,09,1,112
7.2Crime,Drama,Sci-Fi,Thriller,English,Hindi,USA,PG_13,2000,04,1,118
4.9Comedy,Drama,English,Spanish,USA,PG_13,2012,08,1,93
6.6Drama,Romance,English,USA,R,1998,06,1,101
7.1Biography,Drama,Music,English,USA,APPROVED,1955,12,1,117
7.6Crime,Drama,English,USA,APPROVED,1968,01,1,107
7Drama,English,USA,PG,1981,04,1,113
7.7Drama,Horror,Sci-Fi,Thriller,English,USA,unrated,1933,11,0,71
6.7Biography,Family,Drama,History,English,USA,G,1979,10,1,117
7.3Drama,History,English,USA,unrated,1953,06,0,120
7.5Crime,Drama,Film-Noir,Mystery,English,Spanish,USA,unrated,1952,11,0,99
6.1Comedy,Musical,Romance,English,USA,APPROVED,1934,07,1,78
7.3Crime,Drama,Mystery,Thriller,English,French,USA,PG,1973,06,0,120
7.1Comedy,Horror,English,USA,R,1987,07,1,97
6.9Comedy,English,USA,R,1985,08,0,91
7Drama,Mystery,Romance,English,USA,APPROVED,1945,10,1,101
7.2Crime,Mystery,Thriller,English,USA,R,1986,08,1,119
7.6Action,Adventure,Romance,Western,English,Spanish,USA,APPROVED,1940,11,1,94
7.4Drama,Spanish,Italian,English,Nahuatl,Maya,Tzotzil,Kuna,USA,R,1998,03,1,127
6.8Comedy,Family,English,USA,APPROVED,1962,06,1,116
7.4Comedy,Crime,English,USA,R,1992,03,1,120
7.1Drama,Fantasy,Film-Noir,Thriller,English,USA,APPROVED,1948,11,0,81
7.1Action,Adventure,Drama,History,Romance,War,Western,English,USA,APPROVED,1940,02,1,126
7.4Comedy,Horror,English,USA,APPROVED,1932,10,0,72
6.8Music,English,USA,APPROVED,1942,09,1,98
7.3Crime,Film-Noir,Thriller,English,Mandarin,Greek,USA,APPROVED,1950,06,0,96
6.6Comedy,Drama,Musical,English,USA,APPROVED,1936,11,0,81
7Crime,Drama,Romance,Thriller,English,USA,R,1971,11,1,102
7.5Comedy,Drama,Fantasy,English,USA,PG_13,1998,10,1,124
6.9Action,Drama,War,Western,English,USA,APPROVED,1954,08,0,83
7.4Animation,Adventure,Comedy,Family,Western,English,USA,PG,2011,03,1,107
6.9Comedy,Musical,English,Spanish,Portuguese,USA,APPROVED,1948,07,1,99
6.9Drama,English,USA,R,1979,12,0,112
7.6Comedy,Drama,Musical,Romance,English,USA,APPROVED,1936,05,1,113
7.1Drama,Fantasy,Romance,Sci-Fi,English,USA,PG,1980,10,1,103
7.4Drama,Romance,English,USA,APPROVED,1937,08,1,106
7.5Action,Fantasy,English,Russian,Chinese,USA,PG_13,2004,08,0,127
5.8Drama,English,USA,R,1997,03,1,97
6.8Comedy,Drama,English,German,USA,APPROVED,1953,05,1,90
6.9Crime,Drama,Film-Noir,English,USA,APPROVED,1946,01,0,92
7Film-Noir,Drama,English,USA,APPROVED,1947,07,0,95
7.1Comedy,Drama,English,USA,R,1996,10,1,95
7.3Crime,Drama,English,USA,R,1978,07,1,114
7.5Action,Adventure,Sci-Fi,English,USA,R,1990,06,1,113
6.7Comedy,Drama,English,USA,APPROVED,1964,11,1,106
7.2Drama,Romance,English,USA,PG,1993,10,1,139
6.9Drama,Romance,English,USA,R,2003,08,1,108
7.3Action,Drama,War,English,French,Italian,German,USA,PG,1980,05,0,113
7.3Crime,Drama,Thriller,English,USA,R,2007,09,0,117
6.9Drama,English,USA,R,1971,10,0,98
6.8Animation,Family,Musical,English,USA,G,1973,03,0,94
7.3Animation,Family,Fantasy,Musical,Romance,English,USA,G,1950,03,1,74
7.4Crime,Drama,English,USA,R,1991,11,1,129
6.8Comedy,Drama,Romance,English,USA,R,1984,08,0,106
7Biography,Drama,English,USA,APPROVED,1940,05,1,107
7.1Drama,English,USA,R,1997,11,1,109
7.2Crime,Drama,English,German,USA,R,2003,10,1,81
7.1Drama,English,USA,R,1993,10,1,122
7.1Action,Drama,Sport,English,USA,PG_13,2004,10,1,118
7.5Comedy,Drama,Fantasy,Romance,English,French,USA,unrated,1943,08,0,112
6.8Comedy,English,USA,APPROVED,1943,08,0,72
7.4Drama,Romance,Italian,English,USA,APPROVED,1937,03,1,97
6.5Comedy,Drama,English,USA,R,1997,10,1,85
6.9Film-Noir,Mystery,Thriller,Drama,English,USA,APPROVED,1951,08,0,93
7Adventure,Comedy,Drama,Family,Mystery,Romance,English,USA,PG,2003,04,1,117
6.8Drama,English,Italian,USA,R,1993,09,0,124
7.2Comedy,Music,Romance,English,USA,APPROVED,1947,04,1,116
6.7Action,Adventure,Family,English,USA,APPROVED,1942,04,1,108
7.2Drama,English,Mandarin,Cantonese,USA,APPROVED,1944,12,1,137
7.1Comedy,Musical,Romance,English,French,Italian,USA,APPROVED,1953,11,0,109
7Comedy,Romance,Western,English,USA,PG_13,1963,11,0,127
7.6Action,Comedy,Crime,Romance,English,USA,PG_13,1988,12,1,85
6.5Comedy,Crime,Music,English,USA,unrated,1960,08,0,127
7.3Family,Drama,Adventure,Western,English,USA,APPROVED,1957,12,0,83
7.3Biography,Drama,English,USA,R,1996,12,0,129
7.2Comedy,Sci-Fi,English,Spanish,USA,PG_13,1997,07,0,98
7War,Drama,Action,English,USA,APPROVED,1959,06,1,97
7.3Comedy,Drama,Romance,English,USA,R,2002,11,1,95
7Action,Drama,Crime,Thriller,English,Spanish,USA,R,1978,02,0,95
6.9Comedy,Drama,English,Spanish,USA,PG_13,2002,11,1,90
7.1Drama,Romance,English,Chinese,USA,PG_13,2010,03,1,113
6.5Comedy,Drama,Romance,English,USA,unrated,2006,10,1,101
6.7Comedy,Crime,Drama,Romance,English,USA,R,1986,11,1,114
6.9Comedy,Drama,Mystery,Thriller,Crime,English,USA,R,1998,04,1,106
6.9Comedy,Crime,Mystery,English,German,USA,R,2002,02,1,100
7.1Comedy,Romance,English,USA,R,1998,07,0,119
7.1Action,Horror,Sci-Fi,Thriller,English,Spanish,USA,PG,1953,08,0,85
6.7Drama,English,USA,R,1992,05,0,106
7Comedy,Romance,English,USA,R,2005,07,1,119
7Comedy,Drama,English,USA,R,1982,07,1,136
6Drama,Romance,English,USA,APPROVED,1948,04,1,108
6.8Drama,English,USA,APPROVED,1957,04,0,92
7.3Drama,Family,English,USA,unrated,1946,02,0,126
7Comedy,Drama,Romance,English,USA,PG,1993,04,1,98
6.7Comedy,Crime,Drama,English,USA,PG_13,2012,06,1,104
7.3Action,Comedy,Crime,Drama,Thriller,English,USA,R,1984,12,0,105
5.8Comedy,English,USA,APPROVED,1950,05,1,82
6Crime,Drama,Film-Noir,Romance,English,USA,APPROVED,1948,07,1,73
5.7Comedy,Drama,English,USA,PG_13,2012,04,1,108
7.4Drama,English,USA,R,1970,03,0,118
6.7Comedy,Drama,Romance,Sci-Fi,English,Spanish,USA,R,1984,09,1,108
6.8Action,Adventure,Sci-Fi,English,Norwegian,French,USA,PG_13,2011,07,1,124
7.3Animation,Adventure,Comedy,Family,Sport,English,Italian,Japanese,Yiddish,USA,G,2006,08,0,117
6.5Action,Drama,Mystery,Thriller,War,English,USA,R,1996,07,1,117
7.6Comedy,Romance,English,French,USA,APPROVED,1933,12,1,91
6.8Drama,Romance,English,USA,R,1986,03,1,96
6.3Drama,Romance,English,USA,X,2010,08,0,100
6.8Comedy,English,Italian,USA,R,1973,01,0,88
7.2Action,Drama,Thriller,English,USA,R,1998,11,1,132
6.2Drama,Sport,English,USA,PG,2010,04,0,111
6.8Adventure,Drama,Mystery,English,USA,PG_13,2012,01,1,129
5.9Drama,Fantasy,Romance,English,USA,PG,2008,09,1,122
6.9Comedy,English,USA,unrated,1967,09,1,104
6.4Adventure,Drama,Romance,English,USA,G,1929,01,1,100
5.3Drama,English,USA,R,2010,11,1,133
6.7Comedy,Crime,Drama,Thriller,English,USA,R,1997,09,0,110
7.9Comedy,Drama,Musical,English,USA,unrated,1933,05,1,97
7.2Drama,English,USA,APPROVED,1949,12,1,102
7.2Western,English,USA,APPROVED,1957,05,0,122
5.9Drama,Sport,English,USA,APPROVED,1952,04,0,78
6.8Comedy,Fantasy,Romance,Sport,English,USA,PG,1978,06,0,101
7.4Drama,Music,Romance,English,USA,APPROVED,1946,12,0,125
7.1Adventure,History,English,USA,APPROVED,1938,11,1,101
7Biography,Crime,Drama,English,USA,R,2006,11,0,110
7Drama,English,USA,APPROVED,1954,07,0,83
7.5Drama,English,USA,APPROVED,1935,07,0,91
6.7Comedy,Musical,Romance,English,USA,APPROVED,1949,12,1,102
7.5Comedy,Drama,English,USA,APPROVED,1925,12,1,89
6.6Comedy,Crime,Drama,Thriller,English,USA,R,1996,04,1,92
6.6Drama,English,USA,R,1993,08,1,100
7.1Biography,Drama,Music,English,USA,APPROVED,1955,06,1,122
6.6Comedy,English,USA,R,1970,08,0,104
7.5Drama,Thriller,English,German,USA,APPROVED,1945,05,1,105
7.2Drama,Mystery,Romance,Thriller,English,USA,PG,1964,07,0,130
7Comedy,Fantasy,Romance,English,USA,R,1996,01,0,95
7.2Comedy,Family,Romance,English,USA,G,1932,09,1,81
7.3Comedy,Family,Musical,English,USA,PG,2011,11,0,103
7.4Crime,Drama,English,USA,PG,1979,11,1,95
6.6Drama,Romance,English,USA,APPROVED,1934,11,1,85
7.3Animation,Adventure,Family,Fantasy,Music,English,American Sign Language,USA,APPROVED,1953,02,0,77
6.7Comedy,Drama,Romance,English,USA,PG_13,2009,06,1,108
7.6Adventure,Drama,History,Romance,English,USA,APPROVED,1952,06,1,115
6.4Action,Drama,Thriller,English,USA,PG,1973,04,0,114
7.2Crime,Drama,Mystery,Thriller,English,USA,APPROVED,1944,08,0,69
6.8Drama,Romance,English,USA,PG_13,1987,02,1,95
7.7Drama,Romance,English,USA,APPROVED,1931,09,1,80
7.1Animation,Adventure,Comedy,Family,Fantasy,English,USA,APPROVED,1964,01,0,79
7.2Mystery,Sci-Fi,Thriller,English,USA,PG_13,2011,06,1,112
7Comedy,Romance,English,USA,APPROVED,1958,04,0,120
7Comedy,Musical,English,USA,APPROVED,1943,09,1,127
7.1Action,Horror,Sci-Fi,Thriller,English,USA,R,1988,11,1,93
7Drama,Fantasy,Romance,Sci-Fi,English,USA,PG_13,2009,08,1,107
6.4Drama,Western,English,USA,APPROVED,1954,11,1,102
7Action,Crime,Drama,Thriller,English,Arabic,USA,PG_13,2008,08,0,114
6.6Adventure,Comedy,English,Russian,USA,G,1970,10,0,94
5Drama,Romance,English,USA,PG,1974,02,1,99
7.3Drama,English,German,USA,APPROVED,1943,08,1,114
7Drama,Sport,English,USA,PG,2006,12,1,131
6.5Comedy,Romance,Musical,English,USA,G,1941,10,1,81
6.9Biography,Drama,Music,English,USA,R,1993,06,0,118
7.2Biography,Drama,Romance,English,USA,PG,1996,12,1,111
6.9Action,Adventure,Drama,English,USA,PG,1975,10,1,119
4.9Drama,English,USA,PG,2012,09,1,121
6.8Family,Fantasy,Music,Romance,English,USA,APPROVED,1953,07,0,89
6.5Crime,Drama,Mystery,Thriller,English,USA,R,1990,08,1,114
7.4Action,Thriller,English,USA,R,1976,11,1,91
6.9Crime,Drama,Romance,English,USA,R,1986,04,1,111
7.1Drama,Comedy,Romance,English,USA,R,1996,02,1,112
7.3Action,Adventure,Western,English,USA,APPROVED,1952,02,0,91
6.5Comedy,English,USA,R,1995,10,1,83
7.2Crime,Drama,Film-Noir,Mystery,Thriller,English,USA,APPROVED,1946,04,1,96
6.4Comedy,Musical,Romance,English,French,Spanish,USA,unrated,1946,10,0,104
6.3Adventure,Drama,Romance,War,English,USA,APPROVED,1958,12,0,119
6.9Comedy,Romance,English,USA,R,2011,05,1,125
7.3Drama,Thriller,English,USA,R,1991,11,0,128
6.8Comedy,Drama,English,USA,R,2011,06,1,99
6.4Western,English,USA,APPROVED,1952,03,0,84
6.2Drama,Romance,English,USA,R,2007,08,1,97
6.7Drama,Film-Noir,Thriller,English,Spanish,French,USA,APPROVED,1945,12,0,102
7.1Horror,Sci-Fi,English,USA,unrated,1985,07,1,102
6.7Action,Adventure,Drama,War,English,German,USA,APPROVED,1942,09,1,107
7.6Crime,Drama,Film-Noir,English,USA,PG,1952,05,0,103
7.3Biography,Drama,English,USA,APPROVED,1940,03,1,103
6.3Romance,Comedy,English,USA,R,1996,09,1,88
6.7Adventure,Drama,English,Spanish,USA,PG_13,2006,01,1,108
6.7Romance,War,Drama,English,USA,unrated,1932,12,0,80
6.8Crime,Drama,Film-Noir,Mystery,English,USA,APPROVED,1950,01,0,100
6.4Drama,English,USA,PG_13,1996,12,1,130
7.5Comedy,Romance,English,USA,APPROVED,1935,02,0,98
6.6Drama,Comedy,English,USA,PG,1996,10,1,107
7.4Adventure,Comedy,Drama,Romance,English,USA,R,1975,01,0,115
7Drama,English,USA,R,2011,06,1,106
6.5Crime,Drama,Thriller,English,USA,PG,1972,10,0,111
7.3Horror,English,USA,PG,1943,04,1,69
7.1Comedy,Drama,English,USA,APPROVED,1932,12,1,88
7Comedy,Romance,English,USA,APPROVED,1935,12,0,72
7.2Crime,Drama,Romance,Sport,English,Italian,USA,G,1937,05,1,102
7Crime,Mystery,Comedy,Drama,English,USA,PG,1977,07,0,93
7.1Drama,War,English,Spanish,USA,G,1940,11,0,105
7.2Comedy,Drama,Romance,English,USA,unrated,1963,12,0,102
6.6Comedy,Drama,Romance,English,USA,R,1997,05,1,108
6.7Western,English,USA,APPROVED,1955,11,1,83
6.7Adventure,War,Drama,English,USA,APPROVED,1962,03,1,98
6.6Action,Drama,History,War,English,USA,PG,1976,06,1,132
7.4Mystery,Thriller,English,USA,APPROVED,1965,10,0,108
7.4Documentary,Sport,English,USA,PG,2009,10,1,105
7.7Documentary,History,War,Japanese,Mandarin,English,USA,R,2007,07,0,88
7Comedy,Drama,Romance,English,Hindi,USA,PG_13,2007,11,0,103
6.9Adventure,Family,Musical,Romance,English,Italian,USA,APPROVED,1936,07,1,79
7.3Biography,Drama,History,English,USA,APPROVED,1936,02,1,96
6.8Drama,Romance,Thriller,War,English,USA,PG,1958,02,1,120
6.7Drama,Romance,Thriller,English,USA,R,1998,08,1,111
7.4Adventure,Comedy,Family,Musical,English,USA,APPROVED,1946,03,1,90
6.9Action,Drama,History,English,USA,R,1997,02,1,140
7.1Drama,History,English,USA,APPROVED,1933,02,1,122
6.7Adventure,Drama,Sci-Fi,English,USA,G,1972,03,1,89
7.5Drama,Romance,War,English,USA,APPROVED,1944,02,1,126
7.5Action,Drama,War,English,USA,APPROVED,1951,02,1,85
7.5Drama,Family,Western,English,USA,APPROVED,1950,05,0,89
6.8Drama,Romance,English,USA,PG_13,2002,07,1,141
6.9Mystery,Western,Romance,English,USA,APPROVED,1944,09,1,87
7.3Crime,Drama,Film-Noir,Thriller,English,USA,G,1940,08,1,95
7.1Action,Crime,Drama,Thriller,English,Arabic,Spanish,USA,R,1985,11,1,116
6.7Action,Drama,History,Romance,Western,English,USA,G,1940,03,1,121
7.2Comedy,Romance,English,USA,APPROVED,1938,08,1,90
7.7Crime,Film-Noir,Drama,English,USA,APPROVED,1950,07,1,95
6.9Drama,Romance,English,Polish,USA,PG_13,2011,04,1,120
7.3Adventure,Drama,English,USA,APPROVED,1933,10,1,68
6.4Action,Adventure,Thriller,War,English,USA,R,2012,02,1,110
6.8Comedy,Drama,English,USA,R,2012,06,1,90
7.2Adventure,Family,Fantasy,Sci-Fi,English,USA,APPROVED,1954,12,0,127
7.1War,Thriller,English,German,Portuguese,French,USA,APPROVED,1965,02,1,115
6.9Comedy,Drama,Romance,English,USA,R,2009,04,1,107
7.1Action,Drama,History,War,English,USA,G,1943,03,1,124
7.2Comedy,Romance,English,French,USA,APPROVED,1947,09,0,95
6.7Comedy,English,USA,R,1996,03,1,117
7Action,Adventure,Drama,Family,History,English,Spanish,USA,APPROVED,1942,12,1,87
6.9Comedy,Drama,Family,Musical,English,USA,APPROVED,1934,12,1,85
7.4Crime,Drama,Film-Noir,History,Mystery,English,Polish,USA,APPROVED,1948,02,1,112
7Animation,Comedy,Family,Fantasy,English,USA,PG,2009,09,1,90
7.3Comedy,English,Romanian,Hebrew,Polish,Armenian,USA,R,2006,11,1,84
6.8Adventure,Fantasy,Sci-Fi,English,USA,PG,1966,08,0,100
6.7Drama,Sport,English,Spanish,USA,R,2000,11,0,110
7.2Animation,Family,Fantasy,Music,English,USA,G,1999,12,1,74
6.6Drama,Thriller,Crime,English,USA,R,1984,01,0,128
6.5Adventure,Romance,English,German,USA,APPROVED,1947,08,0,95
7.9Horror,English,USA,R,1978,10,0,91
6.8Comedy,Romance,English,USA,PG_13,2006,12,1,138
6.8Drama,English,USA,R,1996,03,1,110
7.5Comedy,English,Spanish,USA,APPROVED,1933,09,0,96
6.8Comedy,Drama,English,USA,PG_13,2012,10,1,97
6.9Drama,Music,Romance,English,German,Yiddish,USA,R,1999,11,0,127
7.5Comedy,Family,Romance,English,USA,PG,2006,01,0,84
7.3Biography,Drama,English,USA,PG,1956,12,0,122
7.3Drama,Romance,English,USA,PG_13,1991,10,1,99
7.3Drama,English,USA,R,2003,05,1,100
7.5Musical,Comedy,Romance,English,French,USA,PG,1934,11,1,99
6.9Action,Drama,Romance,Sci-Fi,Thriller,English,USA,R,1989,05,1,87
6.8Comedy,Romance,English,USA,R,1981,03,1,93
7.1Drama,Romance,English,USA,X,2002,02,1,111
6.8Drama,Family,Sport,English,German,USA,PG,2000,03,1,95
6.6Drama,Horror,Music,Romance,Thriller,English,USA,APPROVED,1943,08,1,92
6.8Drama,Romance,English,Filipino,USA,R,1982,08,1,124
6.9Comedy,Romance,English,USA,APPROVED,1931,10,1,89
7.2Drama,Romance,English,USA,R,1968,08,0,101
7.4Biography,Drama,Sport,English,Spanish,USA,PG,1993,10,0,114
7.2Action,Adventure,Drama,Thriller,English,USA,R,1985,12,1,111
6.9Comedy,Drama,Romance,English,USA,PG,1979,04,0,119
7.1Drama,English,USA,R,1989,08,1,100
6.7Comedy,Romance,Drama,English,USA,PG,1993,06,1,105
7.5Drama,English,USA,unrated,1937,04,0,111
7.5Animation,Adventure,Comedy,English,USA,PG_13,2007,07,1,87
6.9Drama,Romance,English,USA,PG,1989,11,0,117
7.5Drama,English,USA,APPROVED,1968,05,0,95
6.9Comedy,Drama,English,USA,PG,2011,04,1,101
7.5Drama,War,English,German,Latin,USA,APPROVED,1943,05,1,103
7Adventure,Western,English,USA,R,1972,10,0,103
7Drama,Film-Noir,Mystery,Thriller,English,USA,APPROVED,1947,10,1,103
6.9Action,Crime,Drama,War,Thriller,English,USA,R,1978,09,1,126
6.8Drama,Romance,English,USA,PG_13,2009,11,0,102
7.2Comedy,Musical,Romance,English,USA,APPROVED,1942,11,0,97
7.1Drama,English,USA,APPROVED,1959,05,1,136
6.1Action,Crime,Thriller,English,USA,R,2012,11,1,115
5.3Drama,English,Spanish,USA,R,2008,06,1,91
6.6Comedy,Crime,Drama,Mystery,English,French,USA,APPROVED,1936,10,0,73
7.1Animation,Family,Fantasy,English,USA,APPROVED,1950,08,1,68
6.2Drama,Romance,English,USA,APPROVED,1934,09,1,81
6.9Western,English,USA,APPROVED,1948,02,1,90
5.7Comedy,Musical,Romance,English,French,USA,unrated,1953,04,1,94
6.7Comedy,Drama,Romance,English,Spanish,USA,PG_13,1994,07,1,101
6.8Biography,Drama,English,Spanish,USA,R,1996,08,1,108
6.3Drama,War,English,Japanese,USA,APPROVED,1967,11,1,105
7.5Animation,Drama,Family,English,USA,APPROVED,1942,08,1,70
6Drama,Romance,War,English,French,USA,unrated,1935,06,1,84
4.9Comedy,Crime,English,USA,R,1991,09,1,99
6.3Drama,Family,Fantasy,English,USA,G,1940,01,0,88
6Crime,Drama,Romance,English,USA,APPROVED,1950,03,0,88
7.3Thriller,English,USA,R,1981,07,1,107
6.4Comedy,English,USA,R,2007,03,1,92
7Western,English,Spanish,USA,APPROVED,1954,09,1,96
7.6Drama,Romance,English,USA,unrated,1926,05,1,85
5.9Adventure,Mystery,Thriller,English,USA,APPROVED,1937,01,1,67
6.7Action,Crime,Thriller,English,USA,R,2013,02,1,91
7.2Comedy,Drama,Fantasy,Horror,Mystery,English,German,USA,R,2004,02,1,92
6.9Drama,Romance,Sport,English,Spanish,USA,APPROVED,1951,04,0,87
7.1Comedy,Musical,Romance,English,USA,APPROVED,1936,09,1,90
6.8Comedy,Drama,Romance,English,USA,PG_13,2008,10,0,87
7.3Crime,Drama,Romance,English,USA,unrated,1931,04,1,83
6.5Drama,Comedy,English,USA,PG,1970,10,1,94
7Drama,Film-Noir,Thriller,English,USA,APPROVED,1945,06,1,86
6.5War,Drama,English,USA,APPROVED,1943,11,1,90
7.6Action,Fantasy,Thriller,English,USA,R,1994,05,0,102
7Drama,English,USA,PG,1960,10,1,124
4.4Fantasy,Mystery,Romance,Thriller,English,USA,R,2010,12,1,93
6.1Action,Drama,Crime,English,USA,PG,1980,03,1,103
6.7Crime,Drama,Mystery,Thriller,English,USA,R,2001,10,0,101
5.4Drama,English,USA,APPROVED,1935,05,1,65
6.8Comedy,Drama,Music,Romance,Sport,English,USA,APPROVED,1940,10,1,89
6.7Drama,English,USA,PG_13,1998,12,1,112
6.8Fantasy,English,USA,APPROVED,1956,03,0,99
6.2Western,English,USA,APPROVED,1952,08,1,77
6.8Drama,English,USA,G,1929,12,1,129
7Drama,English,USA,APPROVED,1957,08,1,85
6.7Drama,Romance,English,Spanish,USA,R,2008,04,1,112
7.1Drama,Romance,English,USA,APPROVED,1933,02,1,75
6.9Drama,English,USA,APPROVED,1940,11,1,98
6.6Drama,English,USA,R,2002,06,1,87
4Horror,Thriller,English,USA,R,2004,10,1,88
5.5Thriller,English,USA,R,1989,06,1,86
6.8Comedy,Romance,English,USA,APPROVED,1941,10,1,79
7.6Action,Adventure,Drama,Thriller,English,USA,R,1982,10,1,93
6.7Comedy,Musical,English,USA,APPROVED,1939,11,1,84
6.7Crime,Mystery,Thriller,English,USA,APPROVED,1934,06,1,68
5.9Thriller,English,USA,R,2010,02,1,103
6.8Drama,Romance,English,French,USA,APPROVED,1932,01,1,85
6.8Adventure,Drama,Family,English,USA,PG,1996,09,1,107
6.6Crime,Drama,Romance,English,USA,G,1931,06,1,93
6.3Biography,Crime,Drama,History,Romance,English,USA,APPROVED,1955,10,1,109
6.8Biography,Family,Musical,Romance,English,USA,G,1953,08,1,112
6.9Comedy,English,French,USA,APPROVED,1952,12,0,94
5.6Comedy,Crime,English,USA,APPROVED,1954,01,1,70
6.3Western,English,Swedish,USA,PG,1972,05,1,91
6.6Biography,Drama,Music,Musical,Romance,English,USA,APPROVED,1938,11,1,104
6Comedy,Music,English,USA,APPROVED,1953,09,1,71
6.2Western,Comedy,English,USA,PG,1975,10,0,102
7Comedy,Romance,English,USA,APPROVED,1949,12,1,87
6.7Crime,Film-Noir,Drama,English,USA,unrated,1949,12,1,83
7Comedy,Drama,Family,English,Spanish,USA,unrated,1944,02,0,117
6.7Drama,English,USA,APPROVED,1951,04,0,91
7.3Drama,English,USA,PG,1971,11,0,92
7.1Comedy,Romance,English,USA,G,1954,01,0,86
3.2Thriller,English,USA,PG_13,2011,08,1,85
6.8Crime,Drama,English,USA,unrated,1995,07,1,91
6.3Comedy,English,USA,APPROVED,1949,11,1,88
5.8Crime,Drama,English,USA,R,1997,11
